case,symbol,start_date,end_date,fields,frequency,adjustflag,login_code,login_msg,attempt,timestamp,query_error_code,query_error_msg,returned_fields,final_error_code,final_error_msg,returned_rows,last_date,added_field
A_minimal,sh.600519,2026-09-09,2026-09-30,"date,code,close",d,3,0,success,1,2026-09-30T15:25:46.074526+00:00,10002007,网络接收错误。,,10002007,网络接收错误。,0,,
matrix,sh.600519,2026-09-20,2026-09-30,"date,code,close",d,3,0,success,1,2026-09-30T15:26:09.139846+00:00,0,success,"date,code,close",0,success,7,2026-09-30,
matrix,sh.600519,2026-09-20,2026-09-30,"date,code,open,high,low,close,volume,amount,turn",d,3,0,success,1,2026-09-30T15:26:11.671657+00:00,0,success,"date,code,open,high,low,close,volume,amount,turn",0,success,7,2026-09-30,
matrix,sh.600519,2026-09-20,2026-09-30,"date,code,open,high,low,close,preclose,pctChg,volume,amount,adjustflag,turn,tradestatus,isST",d,3,0,success,1,2026-09-30T15:26:20.952902+00:00,0,success,"date,code,open,high,low,close,preclose,pctChg,volume,amount,adjustflag,turn,tradestatus,isST",0,success,7,2026-09-30,
matrix,sh.600519,2026-08-21,2026-09-30,"date,code,close",d,3,0,success,1,2026-09-30T15:26:27.500070+00:00,0,success,"date,code,close",0,success,28,2026-09-30,
matrix,sh.600519,2026-08-21,2026-09-30,"date,code,open,high,low,close,volume,amount,turn",d,3,0,success,1,2026-09-30T15:26:40.074514+00:00,0,success,"date,code,open,high,low,close,volume,amount,turn",0,success,28,2026-09-30,
matrix,sh.600519,2026-08-21,2026-09-30,"date,code,open,high,low,close,preclose,pctChg,volume,amount,adjustflag,turn,tradestatus,isST",d,3,0,success,1,2026-09-30T15:26:41.857136+00:00,0,success,"date,code,open,high,low,close,preclose,pctChg,volume,amount,adjustflag,turn,tradestatus,isST",0,success,28,2026-09-30,
matrix,sh.600519,2026-06-02,2026-09-30,"date,code,close",d,3,0,success,1,2026-09-30T15:26:49.025492+00:00,0,success,"date,code,close",0,success,85,2026-09-30,
matrix,sh.600519,2026-06-02,2026-09-30,"date,code,open,high,low,close,volume,amount,turn",d,3,0,success,1,2026-09-30T15:26:58.316022+00:00,0,success,"date,code,open,high,low,close,volume,amount,turn",0,success,85,2026-09-30,
matrix,sh.600519,2026-06-02,2026-09-30,"date,code,open,high,low,close,preclose,pctChg,volume,amount,adjustflag,turn,tradestatus,isST",d,3,0,success,1,2026-09-30T15:27:02.686742+00:00,0,success,"date,code,open,high,low,close,preclose,pctChg,volume,amount,adjustflag,turn,tradestatus,isST",0,success,85,2026-09-30,
matrix,sh.600519,2026-09-20,2026-09-30,"date,code,close",d,2,0,success,1,2026-09-30T15:27:11.557582+00:00,0,success,"date,code,close",0,success,7,2026-09-30,
matrix,sh.600519,2026-09-20,2026-09-30,"date,code,open,high,low,close,volume,amount,turn",d,2,0,success,1,2026-09-30T15:27:18.755103+00:00,0,success,"date,code,open,high,low,close,volume,amount,turn",0,success,7,2026-09-30,
matrix,sh.600519,2026-09-20,2026-09-30,"date,code,open,high,low,close,preclose,pctChg,volume,amount,adjustflag,turn,tradestatus,isST",d,2,0,success,1,2026-09-30T15:27:21.035248+00:00,0,success,"date,code,open,high,low,close,preclose,pctChg,volume,amount,adjustflag,turn,tradestatus,isST",0,success,7,2026-09-30,
matrix,sh.600519,2026-08-21,2026-09-30,"date,code,close",d,2,0,success,1,2026-09-30T15:27:23.608915+00:00,0,success,"date,code,close",0,success,28,2026-09-30,
matrix,sh.600519,2026-08-21,2026-09-30,"date,code,open,high,low,close,volume,amount,turn",d,2,0,success,1,2026-09-30T15:27:26.600961+00:00,0,success,"date,code,open,high,low,close,volume,amount,turn",0,success,28,2026-09-30,
matrix,sh.600519,2026-08-21,2026-09-30,"date,code,open,high,low,close,preclose,pctChg,volume,amount,adjustflag,turn,tradestatus,isST",d,2,0,success,1,2026-09-30T15:27:31.126182+00:00,0,success,"date,code,open,high,low,close,preclose,pctChg,volume,amount,adjustflag,turn,tradestatus,isST",0,success,28,2026-09-30,
matrix,sh.600519,2026-06-02,2026-09-30,"date,code,close",d,2,0,success,1,2026-09-30T15:27:36.899126+00:00,0,success,"date,code,close",0,success,85,2026-09-30,
matrix,sh.600519,2026-06-02,2026-09-30,"date,code,open,high,low,close,volume,amount,turn",d,2,0,success,1,2026-09-30T15:27:42.834360+00:00,0,success,"date,code,open,high,low,close,volume,amount,turn",0,success,85,2026-09-30,
matrix,sh.600519,2026-06-02,2026-09-30,"date,code,open,high,low,close,preclose,pctChg,volume,amount,adjustflag,turn,tradestatus,isST",d,2,0,success,1,2026-09-30T15:27:46.163296+00:00,0,success,"date,code,open,high,low,close,preclose,pctChg,volume,amount,adjustflag,turn,tradestatus,isST",0,success,85,2026-09-30,
matrix,sh.600000,2026-09-20,2026-09-30,"date,code,close",d,3,0,success,1,2026-09-30T15:27:54.176650+00:00,0,success,"date,code,close",0,success,7,2026-09-30,
matrix,sh.600000,2026-09-20,2026-09-30,"date,code,open,high,low,close,volume,amount,turn",d,3,0,success,1,2026-09-30T15:27:54.975285+00:00,0,success,"date,code,open,high,low,close,volume,amount,turn",0,success,7,2026-09-30,
matrix,sh.600000,2026-09-20,2026-09-30,"date,code,open,high,low,close,preclose,pctChg,volume,amount,adjustflag,turn,tradestatus,isST",d,3,0,success,1,2026-09-30T15:27:56.148913+00:00,0,success,"date,code,open,high,low,close,preclose,pctChg,volume,amount,adjustflag,turn,tradestatus,isST",0,success,7,2026-09-30,
matrix,sh.600000,2026-08-21,2026-09-30,"date,code,close",d,3,0,success,1,2026-09-30T15:27:57.986010+00:00,0,success,"date,code,close",0,success,28,2026-09-30,
matrix,sh.600000,2026-08-21,2026-09-30,"date,code,open,high,low,close,volume,amount,turn",d,3,0,success,1,2026-09-30T15:28:04.098162+00:00,0,success,"date,code,open,high,low,close,volume,amount,turn",0,success,28,2026-09-30,
matrix,sh.600000,2026-08-21,2026-09-30,"date,code,open,high,low,close,preclose,pctChg,volume,amount,adjustflag,turn,tradestatus,isST",d,3,0,success,1,2026-09-30T15:28:05.840601+00:00,0,success,"date,code,open,high,low,close,preclose,pctChg,volume,amount,adjustflag,turn,tradestatus,isST",0,success,28,2026-09-30,
matrix,sh.600000,2026-06-02,2026-09-30,"date,code,close",d,3,0,success,1,2026-09-30T15:28:08.512510+00:00,0,success,"date,code,close",0,success,85,2026-09-30,
matrix,sh.600000,2026-06-02,2026-09-30,"date,code,open,high,low,close,volume,amount,turn",d,3,0,success,1,2026-09-30T15:28:10.584582+00:00,0,success,"date,code,open,high,low,close,volume,amount,turn",0,success,85,2026-09-30,
matrix,sh.600000,2026-06-02,2026-09-30,"date,code,open,high,low,close,preclose,pctChg,volume,amount,adjustflag,turn,tradestatus,isST",d,3,0,success,1,2026-09-30T15:28:12.484187+00:00,0,success,"date,code,open,high,low,close,preclose,pctChg,volume,amount,adjustflag,turn,tradestatus,isST",0,success,85,2026-09-30,
matrix,sh.600000,2026-09-20,2026-09-30,"date,code,close",d,2,0,success,1,2026-09-30T15:28:15.652961+00:00,0,success,"date,code,close",0,success,7,2026-09-30,
matrix,sh.600000,2026-09-20,2026-09-30,"date,code,open,high,low,close,volume,amount,turn",d,2,0,success,1,2026-09-30T15:28:28.598637+00:00,0,success,"date,code,open,high,low,close,volume,amount,turn",0,success,7,2026-09-30,
matrix,sh.600000,2026-09-20,2026-09-30,"date,code,open,high,low,close,preclose,pctChg,volume,amount,adjustflag,turn,tradestatus,isST",d,2,0,success,1,2026-09-30T15:28:41.673967+00:00,10002007,网络接收错误。,,10002007,网络接收错误。,0,,
matrix,sh.600000,2026-08-21,2026-09-30,"date,code,close",d,2,0,success,1,2026-09-30T15:29:06.446672+00:00,0,success,"date,code,close",0,success,28,2026-09-30,
matrix,sh.600000,2026-08-21,2026-09-30,"date,code,open,high,low,close,volume,amount,turn",d,2,0,success,1,2026-09-30T15:29:07.589723+00:00,0,success,"date,code,open,high,low,close,volume,amount,turn",0,success,28,2026-09-30,
matrix,sh.600000,2026-08-21,2026-09-30,"date,code,open,high,low,close,preclose,pctChg,volume,amount,adjustflag,turn,tradestatus,isST",d,2,0,success,1,2026-09-30T15:29:10.164522+00:00,0,success,"date,code,open,high,low,close,preclose,pctChg,volume,amount,adjustflag,turn,tradestatus,isST",0,success,28,2026-09-30,
matrix,sh.600000,2026-06-02,2026-09-30,"date,code,close",d,2,0,success,1,2026-09-30T15:29:15.550174+00:00,0,success,"date,code,close",0,success,85,2026-09-30,
matrix,sh.600000,2026-06-02,2026-09-30,"date,code,open,high,low,close,volume,amount,turn",d,2,0,success,1,2026-09-30T15:29:19.927256+00:00,0,success,"date,code,open,high,low,close,volume,amount,turn",0,success,85,2026-09-30,
matrix,sh.600000,2026-06-02,2026-09-30,"date,code,open,high,low,close,preclose,pctChg,volume,amount,adjustflag,turn,tradestatus,isST",d,2,0,success,1,2026-09-30T15:29:21.104538+00:00,0,success,"date,code,open,high,low,close,preclose,pctChg,volume,amount,adjustflag,turn,tradestatus,isST",0,success,85,2026-09-30,
matrix,sz.000001,2026-09-20,2026-09-30,"date,code,close",d,3,0,success,1,2026-09-30T15:29:23.756657+00:00,0,success,"date,code,close",0,success,7,2026-09-30,
matrix,sz.000001,2026-09-20,2026-09-30,"date,code,open,high,low,close,volume,amount,turn",d,3,0,success,1,2026-09-30T15:29:27.382461+00:00,0,success,"date,code,open,high,low,close,volume,amount,turn",0,success,7,2026-09-30,
matrix,sz.000001,2026-09-20,2026-09-30,"date,code,open,high,low,close,preclose,pctChg,volume,amount,adjustflag,turn,tradestatus,isST",d,3,0,success,1,2026-09-30T15:29:36.317673+00:00,0,success,"date,code,open,high,low,close,preclose,pctChg,volume,amount,adjustflag,turn,tradestatus,isST",0,success,7,2026-09-30,
matrix,sz.000001,2026-08-21,2026-09-30,"date,code,close",d,3,0,success,1,2026-09-30T15:29:54.740203+00:00,0,success,"date,code,close",0,success,28,2026-09-30,
matrix,sz.000001,2026-08-21,2026-09-30,"date,code,open,high,low,close,volume,amount,turn",d,3,0,success,1,2026-09-30T15:29:56.552150+00:00,0,success,"date,code,open,high,low,close,volume,amount,turn",0,success,28,2026-09-30,
matrix,sz.000001,2026-08-21,2026-09-30,"date,code,open,high,low,close,preclose,pctChg,volume,amount,adjustflag,turn,tradestatus,isST",d,3,0,success,1,2026-09-30T15:29:58.600834+00:00,0,success,"date,code,open,high,low,close,preclose,pctChg,volume,amount,adjustflag,turn,tradestatus,isST",0,success,28,2026-09-30,
matrix,sz.000001,2026-06-02,2026-09-30,"date,code,close",d,3,0,success,1,2026-09-30T15:30:02.404127+00:00,0,success,"date,code,close",0,success,85,2026-09-30,
matrix,sz.000001,2026-06-02,2026-09-30,"date,code,open,high,low,close,volume,amount,turn",d,3,0,success,1,2026-09-30T15:30:04.653824+00:00,0,success,"date,code,open,high,low,close,volume,amount,turn",0,success,85,2026-09-30,
matrix,sz.000001,2026-06-02,2026-09-30,"date,code,open,high,low,close,preclose,pctChg,volume,amount,adjustflag,turn,tradestatus,isST",d,3,0,success,1,2026-09-30T15:30:06.594958+00:00,0,success,"date,code,open,high,low,close,preclose,pctChg,volume,amount,adjustflag,turn,tradestatus,isST",0,success,85,2026-09-30,
matrix,sz.000001,2026-09-20,2026-09-30,"date,code,close",d,2,0,success,1,2026-09-30T15:30:09.892059+00:00,0,success,"date,code,close",0,success,7,2026-09-30,
matrix,sz.000001,2026-09-20,2026-09-30,"date,code,open,high,low,close,volume,amount,turn",d,2,0,success,1,2026-09-30T15:30:17.542608+00:00,0,success,"date,code,open,high,low,close,volume,amount,turn",0,success,7,2026-09-30,
matrix,sz.000001,2026-09-20,2026-09-30,"date,code,open,high,low,close,preclose,pctChg,volume,amount,adjustflag,turn,tradestatus,isST",d,2,0,success,1,2026-09-30T15:30:24.795519+00:00,0,success,"date,code,open,high,low,close,preclose,pctChg,volume,amount,adjustflag,turn,tradestatus,isST",0,success,7,2026-09-30,
matrix,sz.000001,2026-08-21,2026-09-30,"date,code,close",d,2,0,success,1,2026-09-30T15:30:29.206941+00:00,0,success,"date,code,close",0,success,28,2026-09-30,
matrix,sz.000001,2026-08-21,2026-09-30,"date,code,open,high,low,close,volume,amount,turn",d,2,0,success,1,2026-09-30T15:30:46.675022+00:00,0,success,"date,code,open,high,low,close,volume,amount,turn",0,success,28,2026-09-30,
matrix,sz.000001,2026-08-21,2026-09-30,"date,code,open,high,low,close,preclose,pctChg,volume,amount,adjustflag,turn,tradestatus,isST",d,2,0,success,1,2026-09-30T15:30:59.939023+00:00,0,success,"date,code,open,high,low,close,preclose,pctChg,volume,amount,adjustflag,turn,tradestatus,isST",0,success,28,2026-09-30,
matrix,sz.000001,2026-06-02,2026-09-30,"date,code,close",d,2,0,success,1,2026-09-30T15:31:07.995869+00:00,0,success,"date,code,close",0,success,85,2026-09-30,
matrix,sz.000001,2026-06-02,2026-09-30,"date,code,open,high,low,close,volume,amount,turn",d,2,0,success,1,2026-09-30T15:31:14.303005+00:00,0,success,"date,code,open,high,low,close,volume,amount,turn",0,success,85,2026-09-30,
matrix,sz.000001,2026-06-02,2026-09-30,"date,code,open,high,low,close,preclose,pctChg,volume,amount,adjustflag,turn,tradestatus,isST",d,2,0,success,1,2026-09-30T15:31:23.412249+00:00,0,success,"date,code,open,high,low,close,preclose,pctChg,volume,amount,adjustflag,turn,tradestatus,isST",0,success,85,2026-09-30,
sequential_3,sh.600519,2026-09-09,2026-09-30,"date,code,open,high,low,close,preclose,pctChg,volume,amount,adjustflag,turn,tradestatus,isST",d,3,0,success,1,2026-09-30T15:31:32.337752+00:00,0,success,"date,code,open,high,low,close,preclose,pctChg,volume,amount,adjustflag,turn,tradestatus,isST",0,success,15,2026-09-30,
sequential_3,sh.600000,2026-09-09,2026-09-30,"date,code,open,high,low,close,preclose,pctChg,volume,amount,adjustflag,turn,tradestatus,isST",d,3,0,success,1,2026-09-30T15:31:35.989907+00:00,0,success,"date,code,open,high,low,close,preclose,pctChg,volume,amount,adjustflag,turn,tradestatus,isST",0,success,15,2026-09-30,
sequential_3,sz.000001,2026-09-09,2026-09-30,"date,code,open,high,low,close,preclose,pctChg,volume,amount,adjustflag,turn,tradestatus,isST",d,3,0,success,1,2026-09-30T15:31:37.756447+00:00,0,success,"date,code,open,high,low,close,preclose,pctChg,volume,amount,adjustflag,turn,tradestatus,isST",0,success,15,2026-09-30,
raw_qfq,sh.600519,2026-09-09,2026-09-30,"date,code,open,high,low,close,preclose,pctChg,volume,amount,adjustflag,turn,tradestatus,isST",d,3,0,success,1,2026-09-30T15:31:50.413759+00:00,0,success,"date,code,open,high,low,close,preclose,pctChg,volume,amount,adjustflag,turn,tradestatus,isST",0,success,15,2026-09-30,
raw_qfq,sh.600519,2026-09-09,2026-09-30,"date,code,open,high,low,close,preclose,pctChg,volume,amount,adjustflag,turn,tradestatus,isST",d,2,0,success,1,2026-09-30T15:31:53.612034+00:00,0,success,"date,code,open,high,low,close,preclose,pctChg,volume,amount,adjustflag,turn,tradestatus,isST",0,success,15,2026-09-30,
qfq_raw,sh.600519,2026-09-09,2026-09-30,"date,code,open,high,low,close,preclose,pctChg,volume,amount,adjustflag,turn,tradestatus,isST",d,2,0,success,1,2026-09-30T15:32:05.735939+00:00,0,success,"date,code,open,high,low,close,preclose,pctChg,volume,amount,adjustflag,turn,tradestatus,isST",0,success,15,2026-09-30,
qfq_raw,sh.600519,2026-09-09,2026-09-30,"date,code,open,high,low,close,preclose,pctChg,volume,amount,adjustflag,turn,tradestatus,isST",d,3,0,success,1,2026-09-30T15:32:12.472317+00:00,0,success,"date,code,open,high,low,close,preclose,pctChg,volume,amount,adjustflag,turn,tradestatus,isST",0,success,15,2026-09-30,
conservative_retry,sh.600519,2026-09-09,2026-09-30,"date,code,open,high,low,close,preclose,pctChg,volume,amount,adjustflag,turn,tradestatus,isST",d,3,0,success,1,2026-09-30T15:32:26.106286+00:00,0,success,"date,code,open,high,low,close,preclose,pctChg,volume,amount,adjustflag,turn,tradestatus,isST",0,success,15,2026-09-30,
incremental_fields,sh.600519,2026-08-21,2026-09-30,"date,code,close",d,3,0,success,1,2026-09-30T15:46:22.207252+00:00,0,success,,0,success,28,,minimal
incremental_fields,sh.600519,2026-08-21,2026-09-30,"date,code,close,open",d,3,0,success,1,2026-09-30T15:46:30.784359+00:00,0,success,,0,success,28,,open
incremental_fields,sh.600519,2026-08-21,2026-09-30,"date,code,close,open,high",d,3,0,success,1,2026-09-30T15:46:40.084662+00:00,0,success,,0,success,28,,high
incremental_fields,sh.600519,2026-08-21,2026-09-30,"date,code,close,open,high,low",d,3,0,success,1,2026-09-30T15:46:48.106916+00:00,0,success,,0,success,28,,low
incremental_fields,sh.600519,2026-08-21,2026-09-30,"date,code,close,open,high,low,preclose",d,3,0,success,1,2026-09-30T15:46:54.368794+00:00,0,success,,0,success,28,,preclose
incremental_fields,sh.600519,2026-08-21,2026-09-30,"date,code,close,open,high,low,preclose,volume",d,3,0,success,1,2026-09-30T15:47:02.071533+00:00,0,success,,0,success,28,,volume
incremental_fields,sh.600519,2026-08-21,2026-09-30,"date,code,close,open,high,low,preclose,volume,amount",d,3,0,success,1,2026-09-30T15:47:11.415452+00:00,0,success,,0,success,28,,amount
incremental_fields,sh.600519,2026-08-21,2026-09-30,"date,code,close,open,high,low,preclose,volume,amount,turn",d,3,0,success,1,2026-09-30T15:47:18.936234+00:00,0,success,,0,success,28,,turn
incremental_fields,sh.600519,2026-08-21,2026-09-30,"date,code,close,open,high,low,preclose,volume,amount,turn,tradestatus",d,3,0,success,1,2026-09-30T15:47:29.954012+00:00,0,success,,0,success,28,,tradestatus
incremental_fields,sh.600519,2026-08-21,2026-09-30,"date,code,close,open,high,low,preclose,volume,amount,turn,tradestatus,pctChg",d,3,0,success,1,2026-09-30T15:47:37.040216+00:00,0,success,,0,success,28,,pctChg
incremental_fields,sh.600519,2026-08-21,2026-09-30,"date,code,close,open,high,low,preclose,volume,amount,turn,tradestatus,pctChg,isST",d,3,0,success,1,2026-09-30T15:47:48.939592+00:00,0,success,,0,success,28,,isST
incremental_fields,sh.600519,2026-08-21,2026-09-30,"date,code,close,open,high,low,preclose,volume,amount,turn,tradestatus,pctChg,isST,adjustflag",d,3,0,success,1,2026-09-30T15:47:57.563848+00:00,0,success,,0,success,28,,adjustflag
