date,code,open,high,low,close,preclose,pctChg,volume,amount,adjustflag,turnover_rate,tradestatus,isST,provider,symbol,exchange,data_provenance
2026-07-13,sh.600519,1197.12,1215.0,1190.19,1210.99,1204.98,0.4988,4198257,5056689558.4,2,0.3358,1,0,baostock,600519.SH,SH,baostock:query_history_k_data_plus:sh.600519:adjustflag=2
2026-07-14,sh.600519,1208.99,1226.87,1205.0,1214.88,1210.99,0.3212,4352726,5294785036.01,2,0.3482,1,0,baostock,600519.SH,SH,baostock:query_history_k_data_plus:sh.600519:adjustflag=2
2026-07-15,sh.600519,1203.66,1256.6,1198.66,1251.06,1214.88,2.9781,7194371,8922861366.61,2,0.5755,1,0,baostock,600519.SH,SH,baostock:query_history_k_data_plus:sh.600519:adjustflag=2
2026-07-16,sh.600519,1252.0,1267.97,1245.05,1258.99,1251.06,0.6339,4761114,5987570857.53,2,0.3809,1,0,baostock,600519.SH,SH,baostock:query_history_k_data_plus:sh.600519:adjustflag=2
2026-07-17,sh.600519,1269.01,1269.33,1238.98,1253.0,1258.99,-0.4758,5841730,7322732708.63,2,0.4673,1,0,baostock,600519.SH,SH,baostock:query_history_k_data_plus:sh.600519:adjustflag=2
2026-07-20,sh.600519,1270.0,1329.0,1266.0,1327.5,1253.0,5.9457,10615115,13898351083.85,2,0.8492,1,0,baostock,600519.SH,SH,baostock:query_history_k_data_plus:sh.600519:adjustflag=2
2026-07-21,sh.600519,1338.98,1344.7,1296.87,1308.0,1327.5,-1.4689,7714770,10174304108.03,2,0.6171,1,0,baostock,600519.SH,SH,baostock:query_history_k_data_plus:sh.600519:adjustflag=2
2026-07-22,sh.600519,1300.0,1308.0,1283.24,1305.0,1308.0,-0.2294,6518140,8431141765.95,2,0.5214,1,0,baostock,600519.SH,SH,baostock:query_history_k_data_plus:sh.600519:adjustflag=2
2026-07-23,sh.600519,1299.8,1303.0,1285.43,1292.01,1305.0,-0.9954,3391769,4392505599.47,2,0.2713,1,0,baostock,600519.SH,SH,baostock:query_history_k_data_plus:sh.600519:adjustflag=2
2026-07-24,sh.600519,1305.0,1309.21,1286.2,1297.41,1292.01,0.418,3569892,4622242878.49,2,0.2856,1,0,baostock,600519.SH,SH,baostock:query_history_k_data_plus:sh.600519:adjustflag=2
2026-07-27,sh.600519,1308.0,1308.0,1279.58,1289.5,1297.41,-0.6097,3199044,4129228559.78,2,0.2559,1,0,baostock,600519.SH,SH,baostock:query_history_k_data_plus:sh.600519:adjustflag=2
2026-07-28,sh.600519,1299.0,1320.0,1289.52,1320.0,1289.5,2.3653,5313457,6960058121.15,2,0.425,1,0,baostock,600519.SH,SH,baostock:query_history_k_data_plus:sh.600519:adjustflag=2
2026-07-29,sh.600519,1333.83,1343.48,1312.06,1321.0,1320.0,0.0758,6232985,8282396818.64,2,0.4986,1,0,baostock,600519.SH,SH,baostock:query_history_k_data_plus:sh.600519:adjustflag=2
2026-07-30,sh.600519,1323.0,1362.0,1322.0,1361.76,1321.0,3.0855,7187261,9712135434.49,2,0.5749,1,0,baostock,600519.SH,SH,baostock:query_history_k_data_plus:sh.600519:adjustflag=2
2026-07-31,sh.600519,1330.03,1355.72,1325.77,1350.6,1361.76,-0.8195,5512752,7373462605.49,2,0.441,1,0,baostock,600519.SH,SH,baostock:query_history_k_data_plus:sh.600519:adjustflag=2
2026-08-03,sh.600519,1350.6,1363.35,1346.0,1358.98,1350.6,0.6205,3614686,4898665275.47,2,0.2892,1,0,baostock,600519.SH,SH,baostock:query_history_k_data_plus:sh.600519:adjustflag=2
2026-08-04,sh.600519,1350.06,1350.94,1328.36,1328.36,1358.98,-2.2532,3745031,5004070406.04,2,0.2996,1,0,baostock,600519.SH,SH,baostock:query_history_k_data_plus:sh.600519:adjustflag=2
2026-08-05,sh.600519,1328.36,1333.8,1303.5,1306.45,1328.36,-1.6494,4268859,5600615349.4,2,0.3415,1,0,baostock,600519.SH,SH,baostock:query_history_k_data_plus:sh.600519:adjustflag=2
2026-08-06,sh.600519,1310.0,1314.4,1300.01,1308.55,1306.45,0.1607,2546328,3326230801.11,2,0.2037,1,0,baostock,600519.SH,SH,baostock:query_history_k_data_plus:sh.600519:adjustflag=2
2026-08-07,sh.600519,1308.66,1315.28,1301.0,1309.22,1308.55,0.0512,2497581,3266919420.7,2,0.1998,1,0,baostock,600519.SH,SH,baostock:query_history_k_data_plus:sh.600519:adjustflag=2
2026-08-10,sh.600519,1325.0,1359.97,1318.08,1348.86,1309.22,3.0278,6268572,8428304269.43,2,0.5015,1,0,baostock,600519.SH,SH,baostock:query_history_k_data_plus:sh.600519:adjustflag=2
2026-08-11,sh.600519,1348.0,1352.65,1338.0,1346.5,1348.86,-0.175,2707300,3640046367.57,2,0.2166,1,0,baostock,600519.SH,SH,baostock:query_history_k_data_plus:sh.600519:adjustflag=2
2026-08-12,sh.600519,1346.5,1356.88,1332.51,1343.0,1346.5,-0.2599,3505960,4717613108.07,2,0.2805,1,0,baostock,600519.SH,SH,baostock:query_history_k_data_plus:sh.600519:adjustflag=2
2026-08-13,sh.600519,1338.0,1359.6,1337.0,1355.29,1343.0,0.9151,3235348,4376205567.32,2,0.2588,1,0,baostock,600519.SH,SH,baostock:query_history_k_data_plus:sh.600519:adjustflag=2
2026-08-14,sh.600519,1355.0,1359.0,1338.14,1341.99,1355.29,-0.9813,2985315,4024065607.68,2,0.2388,1,0,baostock,600519.SH,SH,baostock:query_history_k_data_plus:sh.600519:adjustflag=2
2026-08-17,sh.600519,1295.0,1301.0,1280.34,1293.09,1341.99,-3.6438,7842956,10114852171.7,2,0.6274,1,0,baostock,600519.SH,SH,baostock:query_history_k_data_plus:sh.600519:adjustflag=2
2026-08-18,sh.600519,1291.0,1302.9,1285.17,1297.99,1293.09,0.3789,3872283,5007014692.06,2,0.3098,1,0,baostock,600519.SH,SH,baostock:query_history_k_data_plus:sh.600519:adjustflag=2
2026-08-19,sh.600519,1300.0,1308.88,1290.5,1307.88,1297.99,0.7619,3754751,4876774762.27,2,0.3004,1,0,baostock,600519.SH,SH,baostock:query_history_k_data_plus:sh.600519:adjustflag=2
2026-08-20,sh.600519,1299.8,1306.88,1291.0,1291.5,1307.88,-1.2524,2533166,3280474226.18,2,0.2026,1,0,baostock,600519.SH,SH,baostock:query_history_k_data_plus:sh.600519:adjustflag=2
2026-08-21,sh.600519,1291.5,1291.5,1272.01,1272.83,1291.5,-1.4456,3347231,4278311022.05,2,0.2678,1,0,baostock,600519.SH,SH,baostock:query_history_k_data_plus:sh.600519:adjustflag=2
2026-08-24,sh.600519,1271.01,1313.8,1270.33,1304.66,1272.83,2.5007,4843957,6299794441.41,2,0.3875,1,0,baostock,600519.SH,SH,baostock:query_history_k_data_plus:sh.600519:adjustflag=2
2026-08-25,sh.600519,1311.89,1317.0,1301.11,1304.0,1304.66,-0.0506,2111118,2757527115.07,2,0.1689,1,0,baostock,600519.SH,SH,baostock:query_history_k_data_plus:sh.600519:adjustflag=2
2026-08-26,sh.600519,1300.0,1314.45,1295.0,1302.8,1304.0,-0.092,2173083,2838763999.3,2,0.1738,1,0,baostock,600519.SH,SH,baostock:query_history_k_data_plus:sh.600519:adjustflag=2
2026-08-27,sh.600519,1304.0,1305.0,1288.0,1292.3,1302.8,-0.806,2476747,3203715661.14,2,0.1981,1,0,baostock,600519.SH,SH,baostock:query_history_k_data_plus:sh.600519:adjustflag=2
2026-08-28,sh.600519,1289.0,1297.89,1288.0,1297.4,1292.3,0.3946,1612611,2086008421.7,2,0.129,1,0,baostock,600519.SH,SH,baostock:query_history_k_data_plus:sh.600519:adjustflag=2
2026-08-31,sh.600519,1297.99,1305.0,1286.0,1299.52,1297.4,0.1634,2324759,3003033719.95,2,0.186,1,0,baostock,600519.SH,SH,baostock:query_history_k_data_plus:sh.600519:adjustflag=2
2026-09-01,sh.600519,1295.0,1307.99,1286.1,1299.56,1299.52,0.0031,3266402,4242440861.1,2,0.2613,1,0,baostock,600519.SH,SH,baostock:query_history_k_data_plus:sh.600519:adjustflag=2
2026-09-02,sh.600519,1302.8,1303.0,1291.2,1297.5,1299.56,-0.1585,2030845,2634084231.35,2,0.1625,1,0,baostock,600519.SH,SH,baostock:query_history_k_data_plus:sh.600519:adjustflag=2
2026-09-03,sh.600519,1297.5,1305.0,1293.02,1298.88,1297.5,0.1064,1774765,2305193119.46,2,0.142,1,0,baostock,600519.SH,SH,baostock:query_history_k_data_plus:sh.600519:adjustflag=2
2026-09-04,sh.600519,1295.88,1338.86,1295.6,1330.0,1298.88,2.3959,4541564,6022594729.39,2,0.3633,1,0,baostock,600519.SH,SH,baostock:query_history_k_data_plus:sh.600519:adjustflag=2
2026-09-07,sh.600519,1324.0,1333.6,1312.66,1316.01,1330.0,-1.0519,2524962,3336029500.78,2,0.202,1,0,baostock,600519.SH,SH,baostock:query_history_k_data_plus:sh.600519:adjustflag=2
2026-09-08,sh.600519,1318.0,1323.0,1309.05,1309.3,1316.01,-0.5099,1753404,2302823752.53,2,0.1403,1,0,baostock,600519.SH,SH,baostock:query_history_k_data_plus:sh.600519:adjustflag=2
2026-09-09,sh.600519,1305.01,1309.3,1286.68,1290.88,1309.3,-1.4069,3222611,4168500462.49,2,0.2578,1,0,baostock,600519.SH,SH,baostock:query_history_k_data_plus:sh.600519:adjustflag=2
2026-09-10,sh.600519,1291.0,1294.99,1282.0,1285.13,1290.88,-0.4454,1890022,2428698784.05,2,0.1512,1,0,baostock,600519.SH,SH,baostock:query_history_k_data_plus:sh.600519:adjustflag=2
2026-09-11,sh.600519,1285.15,1286.15,1263.01,1275.16,1285.13,-0.7758,3480142,4430841445.0,2,0.2784,1,0,baostock,600519.SH,SH,baostock:query_history_k_data_plus:sh.600519:adjustflag=2
2026-09-14,sh.600519,1277.27,1285.53,1270.36,1277.96,1275.16,0.2196,1657146,2116621850.13,2,0.1326,1,0,baostock,600519.SH,SH,baostock:query_history_k_data_plus:sh.600519:adjustflag=2
2026-09-15,sh.600519,1281.0,1284.5,1271.28,1272.75,1277.96,-0.4077,1376172,1756915149.4,2,0.1101,1,0,baostock,600519.SH,SH,baostock:query_history_k_data_plus:sh.600519:adjustflag=2
2026-09-16,sh.600519,1273.93,1274.98,1254.1,1258.0,1272.75,-1.1589,2623524,3307926407.34,2,0.2099,1,0,baostock,600519.SH,SH,baostock:query_history_k_data_plus:sh.600519:adjustflag=2
2026-09-17,sh.600519,1257.98,1267.6,1254.0,1266.98,1258.0,0.7138,1755380,2217338282.75,2,0.1404,1,0,baostock,600519.SH,SH,baostock:query_history_k_data_plus:sh.600519:adjustflag=2
2026-09-18,sh.600519,1262.99,1265.88,1256.1,1257.12,1266.98,-0.7782,2489087,3135849108.35,2,0.1991,1,0,baostock,600519.SH,SH,baostock:query_history_k_data_plus:sh.600519:adjustflag=2
2026-09-21,sh.600519,1259.0,1259.95,1250.8,1252.57,1257.12,-0.3619,2501689,3135910044.98,2,0.2001,1,0,baostock,600519.SH,SH,baostock:query_history_k_data_plus:sh.600519:adjustflag=2
2026-09-22,sh.600519,1252.15,1265.88,1248.1,1253.8,1252.57,0.0982,2457294,3088526147.79,2,0.1966,1,0,baostock,600519.SH,SH,baostock:query_history_k_data_plus:sh.600519:adjustflag=2
2026-09-23,sh.600519,1255.03,1271.5,1250.89,1251.24,1253.8,-0.2042,3098122,3894630782.71,2,0.2478,1,0,baostock,600519.SH,SH,baostock:query_history_k_data_plus:sh.600519:adjustflag=2
2026-09-24,sh.600519,1250.01,1256.13,1231.05,1237.0,1251.24,-1.1381,3123935,3867310920.27,2,0.2499,1,0,baostock,600519.SH,SH,baostock:query_history_k_data_plus:sh.600519:adjustflag=2
2026-09-28,sh.600519,1236.0,1244.01,1228.1,1243.88,1237.0,0.5562,2821830,3488720612.97,2,0.2257,1,0,baostock,600519.SH,SH,baostock:query_history_k_data_plus:sh.600519:adjustflag=2
2026-09-29,sh.600519,1244.6,1245.87,1230.88,1235.58,1243.88,-0.6673,2636630,3260057865.37,2,0.2109,1,0,baostock,600519.SH,SH,baostock:query_history_k_data_plus:sh.600519:adjustflag=2
2026-09-30,sh.600519,1239.53,1268.0,1236.05,1258.62,1235.58,1.8647,3833098,4797246635.88,2,0.3066,1,0,baostock,600519.SH,SH,baostock:query_history_k_data_plus:sh.600519:adjustflag=2
