timestamp,pid,parent_pid,start_time,cpu_seconds,cpu_percent_one_core,memory_bytes,thread_count,open_handles,child_pid_count,child_pid_changes,sector_count,stock_count,last_sector_id,last_sector_name,latest_cache_write
2026-10-02T12:25:48.677381+00:00,11468,23564,2026-10-02T16:01:33.0684360+08:00,558.0625,,303083520,21,616,1,,24,0,C26,C26化学原料和化学制品制造业,2026-10-02T11:52:57.106990+00:00
2026-10-02T12:25:48.677381+00:00,31632,11468,2026-10-02T20:25:08.1166230+08:00,0.75,,82735104,24,266,1,,24,0,C26,C26化学原料和化学制品制造业,2026-10-02T11:52:57.106990+00:00
2026-10-02T12:26:18.674460+00:00,11468,23564,2026-10-02T16:01:33.0684360+08:00,558.0625,0.0,303083520,21,616,1,0,24,0,C26,C26化学原料和化学制品制造业,2026-10-02T11:52:57.106990+00:00
2026-10-02T12:26:18.674460+00:00,31632,11468,2026-10-02T20:25:08.1166230+08:00,0.75,0.0,82673664,21,266,1,0,24,0,C26,C26化学原料和化学制品制造业,2026-10-02T11:52:57.106990+00:00
2026-10-02T12:26:48.682215+00:00,11468,23564,2026-10-02T16:01:33.0684360+08:00,558.0625,0.0,303083520,21,616,1,0,24,0,C26,C26化学原料和化学制品制造业,2026-10-02T11:52:57.106990+00:00
2026-10-02T12:26:48.682215+00:00,31632,11468,2026-10-02T20:25:08.1166230+08:00,0.75,0.0,82673664,21,266,1,0,24,0,C26,C26化学原料和化学制品制造业,2026-10-02T11:52:57.106990+00:00
2026-10-02T12:27:18.685125+00:00,11468,23564,2026-10-02T16:01:33.0684360+08:00,558.09375,0.10415656300379415,303083520,21,617,1,2,24,0,C26,C26化学原料和化学制品制造业,2026-10-02T11:52:57.106990+00:00
2026-10-02T12:27:18.685125+00:00,18040,11468,2026-10-02T20:27:00.9479800+08:00,0.71875,,82243584,22,266,1,2,24,0,C26,C26化学原料和化学制品制造业,2026-10-02T11:52:57.106990+00:00
2026-10-02T12:27:48.678594+00:00,11468,23564,2026-10-02T16:01:33.0684360+08:00,558.09375,0.0,303083520,21,617,1,0,24,0,C26,C26化学原料和化学制品制造业,2026-10-02T11:52:57.106990+00:00
2026-10-02T12:27:48.678594+00:00,18040,11468,2026-10-02T20:27:00.9479800+08:00,0.71875,0.0,82415616,24,266,1,0,24,0,C26,C26化学原料和化学制品制造业,2026-10-02T11:52:57.106990+00:00
