sector_id,sector_name,constituent_count,trade_date,sector_heat,sector_heat_status,data_status,screening_status,reason
A01,A01农业,8,2026-09-30,,DATA_INCOMPLETE,DATA_INCOMPLETE,NOT_EVALUABLE,行业热度不可评分
A02,A02林业,2,2026-09-30,,DATA_INCOMPLETE,DATA_INCOMPLETE,NOT_EVALUABLE,行业热度不可评分
A04,A04渔业,6,2026-09-30,,DATA_INCOMPLETE,DATA_INCOMPLETE,NOT_EVALUABLE,行业热度不可评分
A05,A05农、林、牧、渔专业及辅助性活动,7,2026-09-30,,DATA_INCOMPLETE,DATA_INCOMPLETE,NOT_EVALUABLE,行业热度不可评分
B08,B08黑色金属矿采选业,7,2026-09-30,,DATA_INCOMPLETE,DATA_INCOMPLETE,NOT_EVALUABLE,行业热度不可评分
B09,B09有色金属矿采选业,28,2026-09-30,,DATA_INCOMPLETE,DATA_INCOMPLETE,NOT_EVALUABLE,行业热度不可评分
B10,B10非金属矿采选业,2,2026-09-30,,DATA_INCOMPLETE,DATA_INCOMPLETE,NOT_EVALUABLE,行业热度不可评分
C14,C14食品制造业,72,2026-09-30,,DATA_INCOMPLETE,DATA_INCOMPLETE,NOT_EVALUABLE,行业热度不可评分
C24,C24文教、工美、体育和娱乐用品制造业,24,2026-09-30,,DATA_INCOMPLETE,DATA_INCOMPLETE,NOT_EVALUABLE,行业热度不可评分
C26,C26化学原料和化学制品制造业,354,2026-09-30,,DATA_ERROR,DATA_ERROR,NOT_EVALUABLE,BaoStock login error 10002007: 网络接收错误。
C27,C27医药制造业,310,2026-09-30,,DATA_ERROR,DATA_ERROR,NOT_EVALUABLE,BaoStock login error 10002007: 网络接收错误。
C28,C28化学纤维制造业,25,2026-09-30,,DATA_ERROR,DATA_ERROR,NOT_EVALUABLE,BaoStock login error 10002007: 网络接收错误。
C29,C29橡胶和塑料制品业,125,2026-09-30,,DATA_INCOMPLETE,DATA_INCOMPLETE,NOT_EVALUABLE,行业热度不可评分
C30,C30非金属矿物制品业,105,2026-09-30,,DATA_INCOMPLETE,DATA_INCOMPLETE,NOT_EVALUABLE,行业热度不可评分
C32,C32有色金属冶炼和压延加工业,87,2026-09-30,,DATA_INCOMPLETE,DATA_INCOMPLETE,NOT_EVALUABLE,行业热度不可评分
C33,C33金属制品业,98,2026-09-30,,DATA_INCOMPLETE,DATA_INCOMPLETE,NOT_EVALUABLE,行业热度不可评分
C34,C34通用设备制造业,235,2026-09-30,,DATA_INCOMPLETE,DATA_INCOMPLETE,NOT_EVALUABLE,行业热度不可评分
C35,C35专用设备制造业,361,2026-09-30,,DATA_INCOMPLETE,DATA_INCOMPLETE,NOT_EVALUABLE,行业热度不可评分
C36,C36汽车制造业,199,2026-09-30,,DATA_INCOMPLETE,DATA_INCOMPLETE,NOT_EVALUABLE,行业热度不可评分
C38,C38电气机械和器材制造业,333,2026-09-30,,DATA_INCOMPLETE,DATA_INCOMPLETE,NOT_EVALUABLE,行业热度不可评分
C39,C39计算机、通信和其他电子设备制造业,666,2026-09-30,,DATA_INCOMPLETE,DATA_INCOMPLETE,NOT_EVALUABLE,行业热度不可评分
C40,C40仪器仪表制造业,85,2026-09-30,,DATA_INCOMPLETE,DATA_INCOMPLETE,NOT_EVALUABLE,行业热度不可评分
C43,C43金属制品、机械和设备修理业,3,2026-09-30,,DATA_INCOMPLETE,DATA_INCOMPLETE,NOT_EVALUABLE,行业热度不可评分
E47,E47房屋建筑业,3,2026-09-30,,DATA_INCOMPLETE,DATA_INCOMPLETE,NOT_EVALUABLE,行业热度不可评分
E48,E48土木工程建筑业,65,2026-09-30,,DATA_INCOMPLETE,DATA_INCOMPLETE,NOT_EVALUABLE,行业热度不可评分
E49,E49建筑安装业,5,2026-09-30,,DATA_INCOMPLETE,DATA_INCOMPLETE,NOT_EVALUABLE,行业热度不可评分
G53,G53铁路运输业,7,2026-09-30,,DATA_INCOMPLETE,DATA_INCOMPLETE,NOT_EVALUABLE,行业热度不可评分
G59,G59装卸搬运和仓储业,7,2026-09-30,,DATA_INCOMPLETE,DATA_INCOMPLETE,NOT_EVALUABLE,行业热度不可评分
G60,G60邮政业,4,2026-09-30,,DATA_INCOMPLETE,DATA_INCOMPLETE,NOT_EVALUABLE,行业热度不可评分
H61,H61住宿业,5,2026-09-30,,DATA_INCOMPLETE,DATA_INCOMPLETE,NOT_EVALUABLE,行业热度不可评分
H62,H62餐饮业,4,2026-09-30,,DATA_INCOMPLETE,DATA_INCOMPLETE,NOT_EVALUABLE,行业热度不可评分
I65,I65软件和信息技术服务业,335,2026-09-30,,DATA_INCOMPLETE,DATA_INCOMPLETE,NOT_EVALUABLE,行业热度不可评分
J67,J67资本市场服务,56,2026-09-30,,DATA_INCOMPLETE,DATA_INCOMPLETE,NOT_EVALUABLE,行业热度不可评分
J68,J68保险业,6,2026-09-30,,DATA_INCOMPLETE,DATA_INCOMPLETE,NOT_EVALUABLE,行业热度不可评分
L71,L71租赁业,3,2026-09-30,,DATA_INCOMPLETE,DATA_INCOMPLETE,NOT_EVALUABLE,行业热度不可评分
M74,M74专业技术服务业,77,2026-09-30,,DATA_INCOMPLETE,DATA_INCOMPLETE,NOT_EVALUABLE,行业热度不可评分
M75,M75科技推广和应用服务业,2,2026-09-30,,DATA_INCOMPLETE,DATA_INCOMPLETE,NOT_EVALUABLE,行业热度不可评分
N76,N76水利管理业,1,2026-09-30,,DATA_INCOMPLETE,DATA_INCOMPLETE,NOT_EVALUABLE,行业热度不可评分
O81,O81机动车、电子产品和日用产品修理业,1,2026-09-30,,DATA_INCOMPLETE,DATA_INCOMPLETE,NOT_EVALUABLE,行业热度不可评分
R86,R86新闻和出版业,29,2026-09-30,,DATA_INCOMPLETE,DATA_INCOMPLETE,NOT_EVALUABLE,行业热度不可评分
R88,R88文化艺术业,4,2026-09-30,,DATA_INCOMPLETE,DATA_INCOMPLETE,NOT_EVALUABLE,行业热度不可评分
R89,R89体育,2,2026-09-30,,DATA_INCOMPLETE,DATA_INCOMPLETE,NOT_EVALUABLE,行业热度不可评分
S91,S91综合,7,2026-09-30,,DATA_INCOMPLETE,DATA_INCOMPLETE,NOT_EVALUABLE,行业热度不可评分
