symbol,stock_name,primary_industry,industry_name,sector_heat,B1,B2,QuantScore,Risk,trade_date,data_status,candidate_status,explanation,failure_reason,analysis_file
688137.SH,近岸蛋白,M73,M73研究和试验发展,80,7,4,36.0,LOW,2026-09-30,VALID,NOT_MATCHED,行业Heat=80，QuantScore=36.0，Risk=LOW；未满足冻结策略条件。,,full_market/stock_details\688137.SH.json
600189.SH,泉阳泉,C15,C15酒、饮料和精制茶制造业,70,6,3,36.0,LOW,2026-09-30,VALID,NOT_MATCHED,行业Heat=70，QuantScore=36.0，Risk=LOW；未满足冻结策略条件。,,full_market/stock_details\600189.SH.json
002568.SZ,百润股份,C15,C15酒、饮料和精制茶制造业,70,6,3,33.0,LOW,2026-09-30,VALID,NOT_MATCHED,行业Heat=70，QuantScore=33.0，Risk=LOW；未满足冻结策略条件。,,full_market/stock_details\002568.SZ.json
688105.SH,诺唯赞,M73,M73研究和试验发展,80,7,0,32.0,LOW,2026-09-30,VALID,NOT_MATCHED,行业Heat=80，QuantScore=32.0，Risk=LOW；未满足冻结策略条件。,,full_market/stock_details\688105.SH.json
300759.SZ,康龙化成,M73,M73研究和试验发展,80,7,0,31.0,LOW,2026-09-30,VALID,NOT_MATCHED,行业Heat=80，QuantScore=31.0，Risk=LOW；未满足冻结策略条件。,,full_market/stock_details\300759.SZ.json
688710.SH,益诺思,M73,M73研究和试验发展,80,7,4,31.0,MEDIUM,2026-09-30,VALID,NOT_MATCHED,行业Heat=80，QuantScore=31.0，Risk=MEDIUM；未满足冻结策略条件。,,full_market/stock_details\688710.SH.json
688265.SH,南模生物,M73,M73研究和试验发展,80,7,4,30.0,MEDIUM,2026-09-30,VALID,NOT_MATCHED,行业Heat=80，QuantScore=30.0，Risk=MEDIUM；未满足冻结策略条件。,,full_market/stock_details\688265.SH.json
688293.SH,奥浦迈,M73,M73研究和试验发展,80,7,2,30.0,LOW,2026-09-30,VALID,NOT_MATCHED,行业Heat=80，QuantScore=30.0，Risk=LOW；未满足冻结策略条件。,,full_market/stock_details\688293.SH.json
301333.SZ,诺思格,M73,M73研究和试验发展,80,7,0,29.0,LOW,2026-09-30,VALID,NOT_MATCHED,行业Heat=80，QuantScore=29.0，Risk=LOW；未满足冻结策略条件。,,full_market/stock_details\301333.SZ.json
688238.SH,和元生物,M73,M73研究和试验发展,80,7,4,27.0,MEDIUM,2026-09-30,VALID,NOT_MATCHED,行业Heat=80，QuantScore=27.0，Risk=MEDIUM；未满足冻结策略条件。,,full_market/stock_details\688238.SH.json
300404.SZ,博济医药,M73,M73研究和试验发展,80,7,0,26.0,LOW,2026-09-30,VALID,NOT_MATCHED,行业Heat=80，QuantScore=26.0，Risk=LOW；未满足冻结策略条件。,,full_market/stock_details\300404.SZ.json
600573.SH,惠泉啤酒,C15,C15酒、饮料和精制茶制造业,70,6,3,25.0,MEDIUM,2026-09-30,VALID,NOT_MATCHED,行业Heat=70，QuantScore=25.0，Risk=MEDIUM；未满足冻结策略条件。,,full_market/stock_details\600573.SH.json
688315.SH,诺禾致源,M73,M73研究和试验发展,80,7,1,24.0,MEDIUM,2026-09-30,VALID,NOT_MATCHED,行业Heat=80，QuantScore=24.0，Risk=MEDIUM；未满足冻结策略条件。,,full_market/stock_details\688315.SH.json
601579.SH,会稽山,C15,C15酒、饮料和精制茶制造业,70,6,0,24.0,LOW,2026-09-30,VALID,NOT_MATCHED,行业Heat=70，QuantScore=24.0，Risk=LOW；未满足冻结策略条件。,,full_market/stock_details\601579.SH.json
688179.SH,阿拉丁,M73,M73研究和试验发展,80,7,0,23.0,LOW,2026-09-30,VALID,NOT_MATCHED,行业Heat=80，QuantScore=23.0，Risk=LOW；未满足冻结策略条件。,,full_market/stock_details\688179.SH.json
301080.SZ,百普赛斯,M73,M73研究和试验发展,80,7,4,22.0,MEDIUM,2026-09-30,VALID,NOT_MATCHED,行业Heat=80，QuantScore=22.0，Risk=MEDIUM；未满足冻结策略条件。,,full_market/stock_details\301080.SZ.json
600059.SH,古越龙山,C15,C15酒、饮料和精制茶制造业,70,6,4,22.0,MEDIUM,2026-09-30,VALID,NOT_MATCHED,行业Heat=70，QuantScore=22.0，Risk=MEDIUM；未满足冻结策略条件。,,full_market/stock_details\600059.SH.json
301047.SZ,义翘神州,M73,M73研究和试验发展,80,7,4,21.0,MEDIUM,2026-09-30,VALID,NOT_MATCHED,行业Heat=80，QuantScore=21.0，Risk=MEDIUM；未满足冻结策略条件。,,full_market/stock_details\301047.SZ.json
688073.SH,毕得医药,M73,M73研究和试验发展,80,7,0,21.0,MEDIUM,2026-09-30,VALID,NOT_MATCHED,行业Heat=80，QuantScore=21.0，Risk=MEDIUM；未满足冻结策略条件。,,full_market/stock_details\688073.SH.json
603156.SH,养元饮品,C15,C15酒、饮料和精制茶制造业,70,6,0,21.0,LOW,2026-09-30,VALID,NOT_MATCHED,行业Heat=70，QuantScore=21.0，Risk=LOW；未满足冻结策略条件。,,full_market/stock_details\603156.SH.json
301096.SZ,百诚医药,M73,M73研究和试验发展,80,7,0,20.0,LOW,2026-09-30,VALID,NOT_MATCHED,行业Heat=80，QuantScore=20.0，Risk=LOW；未满足冻结策略条件。,,full_market/stock_details\301096.SZ.json
600616.SH,金枫酒业,C15,C15酒、饮料和精制茶制造业,70,6,2,19.0,MEDIUM,2026-09-30,VALID,NOT_MATCHED,行业Heat=70，QuantScore=19.0，Risk=MEDIUM；未满足冻结策略条件。,,full_market/stock_details\600616.SH.json
688131.SH,皓元医药,M73,M73研究和试验发展,80,7,0,18.0,MEDIUM,2026-09-30,VALID,NOT_MATCHED,行业Heat=80，QuantScore=18.0，Risk=MEDIUM；未满足冻结策略条件。,,full_market/stock_details\688131.SH.json
688046.SH,药康生物,M73,M73研究和试验发展,80,7,0,17.0,MEDIUM,2026-09-30,VALID,NOT_MATCHED,行业Heat=80，QuantScore=17.0，Risk=MEDIUM；未满足冻结策略条件。,,full_market/stock_details\688046.SH.json
600084.SH,*ST尼雅,C15,C15酒、饮料和精制茶制造业,70,6,0,17.0,MEDIUM,2026-09-30,VALID,NOT_MATCHED,行业Heat=70，QuantScore=17.0，Risk=MEDIUM；未满足冻结策略条件。,,full_market/stock_details\600084.SH.json
300347.SZ,泰格医药,M73,M73研究和试验发展,80,7,0,16.0,MEDIUM,2026-09-30,VALID,NOT_MATCHED,行业Heat=80，QuantScore=16.0，Risk=MEDIUM；未满足冻结策略条件。,,full_market/stock_details\300347.SZ.json
688133.SH,泰坦科技,M73,M73研究和试验发展,80,7,0,16.0,MEDIUM,2026-09-30,VALID,NOT_MATCHED,行业Heat=80，QuantScore=16.0，Risk=MEDIUM；未满足冻结策略条件。,,full_market/stock_details\688133.SH.json
688222.SH,成都先导,M73,M73研究和试验发展,80,7,0,16.0,MEDIUM,2026-09-30,VALID,NOT_MATCHED,行业Heat=80，QuantScore=16.0，Risk=MEDIUM；未满足冻结策略条件。,,full_market/stock_details\688222.SH.json
000869.SZ,张裕A,C15,C15酒、饮料和精制茶制造业,70,6,2,16.0,MEDIUM,2026-09-30,VALID,NOT_MATCHED,行业Heat=70，QuantScore=16.0，Risk=MEDIUM；未满足冻结策略条件。,,full_market/stock_details\000869.SZ.json
000929.SZ,兰州黄河,C15,C15酒、饮料和精制茶制造业,70,6,2,15.0,MEDIUM,2026-09-30,VALID,NOT_MATCHED,行业Heat=70，QuantScore=15.0，Risk=MEDIUM；未满足冻结策略条件。,,full_market/stock_details\000929.SZ.json
603779.SH,威龙股份,C15,C15酒、饮料和精制茶制造业,70,6,0,15.0,MEDIUM,2026-09-30,VALID,NOT_MATCHED,行业Heat=70，QuantScore=15.0，Risk=MEDIUM；未满足冻结策略条件。,,full_market/stock_details\603779.SH.json
301230.SZ,泓博医药,M73,M73研究和试验发展,80,7,0,14.0,MEDIUM,2026-09-30,VALID,NOT_MATCHED,行业Heat=80，QuantScore=14.0，Risk=MEDIUM；未满足冻结策略条件。,,full_market/stock_details\301230.SZ.json
301257.SZ,普蕊斯,M73,M73研究和试验发展,80,7,0,14.0,LOW,2026-09-30,VALID,NOT_MATCHED,行业Heat=80，QuantScore=14.0，Risk=LOW；未满足冻结策略条件。,,full_market/stock_details\301257.SZ.json
002646.SZ,天佑德酒,C15,C15酒、饮料和精制茶制造业,70,6,2,14.0,MEDIUM,2026-09-30,VALID,NOT_MATCHED,行业Heat=70，QuantScore=14.0，Risk=MEDIUM；未满足冻结策略条件。,,full_market/stock_details\002646.SZ.json
603259.SH,药明康德,M73,M73研究和试验发展,80,7,0,13.0,MEDIUM,2026-09-30,VALID,NOT_MATCHED,行业Heat=80，QuantScore=13.0，Risk=MEDIUM；未满足冻结策略条件。,,full_market/stock_details\603259.SH.json
688621.SH,阳光诺和,M73,M73研究和试验发展,80,7,0,13.0,MEDIUM,2026-09-30,VALID,NOT_MATCHED,行业Heat=80，QuantScore=13.0，Risk=MEDIUM；未满足冻结策略条件。,,full_market/stock_details\688621.SH.json
688796.SH,百奥赛图,M73,M73研究和试验发展,80,7,0,13.0,MEDIUM,2026-09-30,VALID,NOT_MATCHED,行业Heat=80，QuantScore=13.0，Risk=MEDIUM；未满足冻结策略条件。,,full_market/stock_details\688796.SH.json
000995.SZ,皇台酒业,C15,C15酒、饮料和精制茶制造业,70,6,0,12.0,MEDIUM,2026-09-30,VALID,NOT_MATCHED,行业Heat=70，QuantScore=12.0，Risk=MEDIUM；未满足冻结策略条件。,,full_market/stock_details\000995.SZ.json
300725.SZ,药石科技,M73,M73研究和试验发展,80,7,1,11.0,HIGH,2026-09-30,VALID,NOT_MATCHED,行业Heat=80，QuantScore=11.0，Risk=HIGH；未满足冻结策略条件。,,full_market/stock_details\300725.SZ.json
605198.SH,安德利,C15,C15酒、饮料和精制茶制造业,70,6,0,11.0,MEDIUM,2026-09-30,VALID,NOT_MATCHED,行业Heat=70，QuantScore=11.0，Risk=MEDIUM；未满足冻结策略条件。,,full_market/stock_details\605198.SH.json
603711.SH,香飘飘,C15,C15酒、饮料和精制茶制造业,70,6,0,10.0,MEDIUM,2026-09-30,VALID,NOT_MATCHED,行业Heat=70，QuantScore=10.0，Risk=MEDIUM；未满足冻结策略条件。,,full_market/stock_details\603711.SH.json
605337.SH,李子园,C15,C15酒、饮料和精制茶制造业,70,6,2,10.0,MEDIUM,2026-09-30,VALID,NOT_MATCHED,行业Heat=70，QuantScore=10.0，Risk=MEDIUM；未满足冻结策略条件。,,full_market/stock_details\605337.SH.json
605388.SH,均瑶健康,C15,C15酒、饮料和精制茶制造业,70,6,4,10.0,HIGH,2026-09-30,VALID,NOT_MATCHED,行业Heat=70，QuantScore=10.0，Risk=HIGH；未满足冻结策略条件。,,full_market/stock_details\605388.SH.json
600721.SH,百花医药,M73,M73研究和试验发展,80,7,0,9.0,HIGH,2026-09-30,VALID,NOT_MATCHED,行业Heat=80，QuantScore=9.0，Risk=HIGH；未满足冻结策略条件。,,full_market/stock_details\600721.SH.json
001338.SZ,永顺泰,C15,C15酒、饮料和精制茶制造业,70,6,2,9.0,HIGH,2026-09-30,VALID,NOT_MATCHED,行业Heat=70，QuantScore=9.0，Risk=HIGH；未满足冻结策略条件。,,full_market/stock_details\001338.SZ.json
300149.SZ,睿智医药,M73,M73研究和试验发展,80,7,0,8.0,HIGH,2026-09-30,VALID,NOT_MATCHED,行业Heat=80，QuantScore=8.0，Risk=HIGH；未满足冻结策略条件。,,full_market/stock_details\300149.SZ.json
603127.SH,昭衍新药,M73,M73研究和试验发展,80,7,2,8.0,HIGH,2026-09-30,VALID,NOT_MATCHED,行业Heat=80，QuantScore=8.0，Risk=HIGH；未满足冻结策略条件。,,full_market/stock_details\603127.SH.json
688202.SH,美迪西,M73,M73研究和试验发展,80,7,0,6.0,HIGH,2026-09-30,VALID,NOT_MATCHED,行业Heat=80，QuantScore=6.0，Risk=HIGH；未满足冻结策略条件。,,full_market/stock_details\688202.SH.json
603369.SH,今世缘,C15,C15酒、饮料和精制茶制造业,70,6,0,6.0,MEDIUM,2026-09-30,VALID,NOT_MATCHED,行业Heat=70，QuantScore=6.0，Risk=MEDIUM；未满足冻结策略条件。,,full_market/stock_details\603369.SH.json
600197.SH,伊力特,C15,C15酒、饮料和精制茶制造业,70,6,0,4.0,MEDIUM,2026-09-30,VALID,NOT_MATCHED,行业Heat=70，QuantScore=4.0，Risk=MEDIUM；未满足冻结策略条件。,,full_market/stock_details\600197.SH.json
600543.SH,*ST莫高,C15,C15酒、饮料和精制茶制造业,70,6,0,3.0,HIGH,2026-09-30,VALID,NOT_MATCHED,行业Heat=70，QuantScore=3.0，Risk=HIGH；未满足冻结策略条件。,,full_market/stock_details\600543.SH.json
603919.SH,金徽酒,C15,C15酒、饮料和精制茶制造业,70,6,3,3.0,HIGH,2026-09-30,VALID,NOT_MATCHED,行业Heat=70，QuantScore=3.0，Risk=HIGH；未满足冻结策略条件。,,full_market/stock_details\603919.SH.json
000858.SZ,五粮液,C15,C15酒、饮料和精制茶制造业,70,6,0,2.0,MEDIUM,2026-09-30,VALID,NOT_MATCHED,行业Heat=70，QuantScore=2.0，Risk=MEDIUM；未满足冻结策略条件。,,full_market/stock_details\000858.SZ.json
600132.SH,重庆啤酒,C15,C15酒、饮料和精制茶制造业,70,6,0,1.0,MEDIUM,2026-09-30,VALID,NOT_MATCHED,行业Heat=70，QuantScore=1.0，Risk=MEDIUM；未满足冻结策略条件。,,full_market/stock_details\600132.SH.json
301520.SZ,万邦医药,M73,M73研究和试验发展,80,7,0,0.0,HIGH,2026-09-30,VALID,NOT_MATCHED,行业Heat=80，QuantScore=0.0，Risk=HIGH；未满足冻结策略条件。,,full_market/stock_details\301520.SZ.json
000568.SZ,泸州老窖,C15,C15酒、饮料和精制茶制造业,70,6,2,0.0,HIGH,2026-09-30,VALID,NOT_MATCHED,行业Heat=70，QuantScore=0.0，Risk=HIGH；未满足冻结策略条件。,,full_market/stock_details\000568.SZ.json
000596.SZ,古井贡酒,C15,C15酒、饮料和精制茶制造业,70,6,0,0.0,HIGH,2026-09-30,VALID,NOT_MATCHED,行业Heat=70，QuantScore=0.0，Risk=HIGH；未满足冻结策略条件。,,full_market/stock_details\000596.SZ.json
000729.SZ,燕京啤酒,C15,C15酒、饮料和精制茶制造业,70,6,0,0.0,HIGH,2026-09-30,VALID,NOT_MATCHED,行业Heat=70，QuantScore=0.0，Risk=HIGH；未满足冻结策略条件。,,full_market/stock_details\000729.SZ.json
000752.SZ,*ST西发,C15,C15酒、饮料和精制茶制造业,70,6,1,0.0,HIGH,2026-09-30,VALID,NOT_MATCHED,行业Heat=70，QuantScore=0.0，Risk=HIGH；未满足冻结策略条件。,,full_market/stock_details\000752.SZ.json
000799.SZ,酒鬼酒,C15,C15酒、饮料和精制茶制造业,70,6,0,0.0,HIGH,2026-09-30,VALID,NOT_MATCHED,行业Heat=70，QuantScore=0.0，Risk=HIGH；未满足冻结策略条件。,,full_market/stock_details\000799.SZ.json
000848.SZ,承德露露,C15,C15酒、饮料和精制茶制造业,70,6,1,0.0,HIGH,2026-09-30,VALID,NOT_MATCHED,行业Heat=70，QuantScore=0.0，Risk=HIGH；未满足冻结策略条件。,,full_market/stock_details\000848.SZ.json
000860.SZ,顺鑫农业,C15,C15酒、饮料和精制茶制造业,70,6,0,0.0,HIGH,2026-09-30,VALID,NOT_MATCHED,行业Heat=70，QuantScore=0.0，Risk=HIGH；未满足冻结策略条件。,,full_market/stock_details\000860.SZ.json
002304.SZ,洋河股份,C15,C15酒、饮料和精制茶制造业,70,6,0,0.0,HIGH,2026-09-30,VALID,NOT_MATCHED,行业Heat=70，QuantScore=0.0，Risk=HIGH；未满足冻结策略条件。,,full_market/stock_details\002304.SZ.json
002461.SZ,珠江啤酒,C15,C15酒、饮料和精制茶制造业,70,6,0,0.0,HIGH,2026-09-30,VALID,NOT_MATCHED,行业Heat=70，QuantScore=0.0，Risk=HIGH；未满足冻结策略条件。,,full_market/stock_details\002461.SZ.json
300997.SZ,欢乐家,C15,C15酒、饮料和精制茶制造业,70,6,0,0.0,HIGH,2026-09-30,VALID,NOT_MATCHED,行业Heat=70，QuantScore=0.0，Risk=HIGH；未满足冻结策略条件。,,full_market/stock_details\300997.SZ.json
600199.SH,金种子酒,C15,C15酒、饮料和精制茶制造业,70,6,0,0.0,HIGH,2026-09-30,VALID,NOT_MATCHED,行业Heat=70，QuantScore=0.0，Risk=HIGH；未满足冻结策略条件。,,full_market/stock_details\600199.SH.json
600238.SH,ST椰岛,C15,C15酒、饮料和精制茶制造业,70,6,0,0.0,HIGH,2026-09-30,VALID,NOT_MATCHED,行业Heat=70，QuantScore=0.0，Risk=HIGH；未满足冻结策略条件。,,full_market/stock_details\600238.SH.json
600300.SH,维维股份,C15,C15酒、饮料和精制茶制造业,70,6,0,0.0,HIGH,2026-09-30,VALID,NOT_MATCHED,行业Heat=70，QuantScore=0.0，Risk=HIGH；未满足冻结策略条件。,,full_market/stock_details\600300.SH.json
600519.SH,贵州茅台,C15,C15酒、饮料和精制茶制造业,70,6,1,0.0,HIGH,2026-09-30,VALID,NOT_MATCHED,行业Heat=70，QuantScore=0.0，Risk=HIGH；未满足冻结策略条件。,,full_market/stock_details\600519.SH.json
600559.SH,老白干酒,C15,C15酒、饮料和精制茶制造业,70,6,0,0.0,HIGH,2026-09-30,VALID,NOT_MATCHED,行业Heat=70，QuantScore=0.0，Risk=HIGH；未满足冻结策略条件。,,full_market/stock_details\600559.SH.json
600600.SH,青岛啤酒,C15,C15酒、饮料和精制茶制造业,70,6,0,0.0,HIGH,2026-09-30,VALID,NOT_MATCHED,行业Heat=70，QuantScore=0.0，Risk=HIGH；未满足冻结策略条件。,,full_market/stock_details\600600.SH.json
600702.SH,舍得酒业,C15,C15酒、饮料和精制茶制造业,70,6,0,0.0,HIGH,2026-09-30,VALID,NOT_MATCHED,行业Heat=70，QuantScore=0.0，Risk=HIGH；未满足冻结策略条件。,,full_market/stock_details\600702.SH.json
600779.SH,水井坊,C15,C15酒、饮料和精制茶制造业,70,6,0,0.0,HIGH,2026-09-30,VALID,NOT_MATCHED,行业Heat=70，QuantScore=0.0，Risk=HIGH；未满足冻结策略条件。,,full_market/stock_details\600779.SH.json
600809.SH,山西汾酒,C15,C15酒、饮料和精制茶制造业,70,6,2,0.0,HIGH,2026-09-30,VALID,NOT_MATCHED,行业Heat=70，QuantScore=0.0，Risk=HIGH；未满足冻结策略条件。,,full_market/stock_details\600809.SH.json
600962.SH,国投中鲁,C15,C15酒、饮料和精制茶制造业,70,6,0,0.0,HIGH,2026-09-30,VALID,NOT_MATCHED,行业Heat=70，QuantScore=0.0，Risk=HIGH；未满足冻结策略条件。,,full_market/stock_details\600962.SH.json
603198.SH,迎驾贡酒,C15,C15酒、饮料和精制茶制造业,70,6,0,0.0,HIGH,2026-09-30,VALID,NOT_MATCHED,行业Heat=70，QuantScore=0.0，Risk=HIGH；未满足冻结策略条件。,,full_market/stock_details\603198.SH.json
603589.SH,口子窖,C15,C15酒、饮料和精制茶制造业,70,6,0,0.0,HIGH,2026-09-30,VALID,NOT_MATCHED,行业Heat=70，QuantScore=0.0，Risk=HIGH；未满足冻结策略条件。,,full_market/stock_details\603589.SH.json
605499.SH,东鹏饮料,C15,C15酒、饮料和精制茶制造业,70,6,0,0.0,HIGH,2026-09-30,VALID,NOT_MATCHED,行业Heat=70，QuantScore=0.0，Risk=HIGH；未满足冻结策略条件。,,full_market/stock_details\605499.SH.json
