symbol,industry,raw_rows,qfq_rows,latest_date,date_aligned,status
600107.SH,C18纺织服装、服饰业,109,109,2026-09-28,True,VALID
600137.SH,C18纺织服装、服饰业,109,109,2026-09-28,True,VALID
600177.SH,C18纺织服装、服饰业,109,109,2026-09-28,True,VALID
600398.SH,C18纺织服装、服饰业,109,109,2026-09-28,True,VALID
600400.SH,C18纺织服装、服饰业,109,109,2026-09-28,True,VALID
600630.SH,C18纺织服装、服饰业,109,109,2026-09-28,True,VALID
601566.SH,C18纺织服装、服饰业,109,109,2026-09-28,True,VALID
601718.SH,C18纺织服装、服饰业,109,109,2026-09-28,True,VALID
603196.SH,C18纺织服装、服饰业,109,109,2026-09-28,True,VALID
603511.SH,C18纺织服装、服饰业,109,109,2026-09-28,True,VALID
603518.SH,C18纺织服装、服饰业,109,109,2026-09-28,True,VALID
603558.SH,C18纺织服装、服饰业,109,109,2026-09-28,True,VALID
603587.SH,C18纺织服装、服饰业,109,109,2026-09-28,True,VALID
603808.SH,C18纺织服装、服饰业,109,109,2026-09-28,True,VALID
603839.SH,C18纺织服装、服饰业,109,109,2026-09-28,True,VALID
603877.SH,C18纺织服装、服饰业,109,109,2026-09-28,True,VALID
605138.SH,C18纺织服装、服饰业,109,109,2026-09-28,True,VALID
001209.SZ,C18纺织服装、服饰业,109,109,2026-09-28,True,VALID
001234.SZ,C18纺织服装、服饰业,109,109,2026-09-28,True,VALID
002003.SZ,C18纺织服装、服饰业,109,109,2026-09-28,True,VALID
002029.SZ,C18纺织服装、服饰业,109,109,2026-09-28,True,VALID
002154.SZ,C18纺织服装、服饰业,109,109,2026-09-28,True,VALID
002193.SZ,C18纺织服装、服饰业,109,109,2026-09-28,True,VALID
002269.SZ,C18纺织服装、服饰业,109,109,2026-09-28,True,VALID
002404.SZ,C18纺织服装、服饰业,109,109,2026-09-28,True,VALID
002486.SZ,C18纺织服装、服饰业,109,109,2026-09-28,True,VALID
002563.SZ,C18纺织服装、服饰业,109,109,2026-09-28,True,VALID
002569.SZ,C18纺织服装、服饰业,109,109,2026-09-28,True,VALID
002612.SZ,C18纺织服装、服饰业,109,109,2026-09-28,True,VALID
002634.SZ,C18纺织服装、服饰业,109,109,2026-09-28,True,VALID
002656.SZ,C18纺织服装、服饰业,109,109,2026-09-28,True,VALID
002687.SZ,C18纺织服装、服饰业,109,109,2026-09-28,True,VALID
002762.SZ,C18纺织服装、服饰业,109,109,2026-09-28,True,VALID
002763.SZ,C18纺织服装、服饰业,109,109,2026-09-28,True,VALID
002832.SZ,C18纺织服装、服饰业,109,109,2026-09-28,True,VALID
002875.SZ,C18纺织服装、服饰业,109,109,2026-09-28,True,VALID
003016.SZ,C18纺织服装、服饰业,109,109,2026-09-28,True,VALID
300005.SZ,C18纺织服装、服饰业,109,109,2026-09-28,True,VALID
300840.SZ,C18纺织服装、服饰业,109,109,2026-09-28,True,VALID
301066.SZ,C18纺织服装、服饰业,109,109,2026-09-28,True,VALID
301276.SZ,C18纺织服装、服饰业,109,109,2026-09-28,True,VALID
600506.SH,C25石油、煤炭及其他燃料加工业,109,109,2026-09-28,True,VALID
600688.SH,C25石油、煤炭及其他燃料加工业,109,109,2026-09-28,True,VALID
600740.SH,C25石油、煤炭及其他燃料加工业,109,109,2026-09-28,True,VALID
600792.SH,C25石油、煤炭及其他燃料加工业,109,109,2026-09-28,True,VALID
600997.SH,C25石油、煤炭及其他燃料加工业,109,109,2026-09-28,True,VALID
601011.SH,C25石油、煤炭及其他燃料加工业,109,109,2026-09-28,True,VALID
601015.SH,C25石油、煤炭及其他燃料加工业,109,109,2026-09-28,True,VALID
603351.SH,C25石油、煤炭及其他燃料加工业,109,109,2026-09-28,True,VALID
603798.SH,C25石油、煤炭及其他燃料加工业,109,109,2026-09-28,True,VALID
603822.SH,C25石油、煤炭及其他燃料加工业,109,109,2026-09-28,True,VALID
000059.SZ,C25石油、煤炭及其他燃料加工业,109,109,2026-09-28,True,VALID
000723.SZ,C25石油、煤炭及其他燃料加工业,109,109,2026-09-28,True,VALID
000819.SZ,C25石油、煤炭及其他燃料加工业,109,109,2026-09-28,True,VALID
002377.SZ,C25石油、煤炭及其他燃料加工业,109,109,2026-09-28,True,VALID
002778.SZ,C25石油、煤炭及其他燃料加工业,109,109,2026-09-28,True,VALID
300135.SZ,C25石油、煤炭及其他燃料加工业,109,109,2026-09-28,True,VALID
300839.SZ,C25石油、煤炭及其他燃料加工业,109,109,2026-09-28,True,VALID
600258.SH,H61住宿业,109,109,2026-09-28,True,VALID
600754.SH,H61住宿业,109,109,2026-09-28,True,VALID
601007.SH,H61住宿业,109,109,2026-09-28,True,VALID
000428.SZ,H61住宿业,109,109,2026-09-28,True,VALID
301073.SZ,H61住宿业,109,109,2026-09-28,True,VALID
