request,attempt,status,retrieved_at,rows,error
query_stock_industry,1,SUCCESS,2026-09-29T00:17:53.309984+00:00,5556.0,
query_stock_basic,1,SUCCESS,2026-09-29T00:18:15.717929+00:00,8983.0,
query_trade_dates,1,SUCCESS,2026-09-29T00:18:32.790554+00:00,13069.0,
benchmark,1,SUCCESS,2026-09-29T00:18:37.085530+00:00,109.0,
000723.SZ:raw,1,SUCCESS,2026-09-29T00:18:38.720768+00:00,109.0,
000059.SZ:raw,1,SUCCESS,2026-09-29T00:18:39.681048+00:00,109.0,
000819.SZ:raw,1,SUCCESS,2026-09-29T00:18:40.265703+00:00,109.0,
000723.SZ:qfq,1,SUCCESS,2026-09-29T00:18:41.377513+00:00,109.0,
000428.SZ:raw,1,SUCCESS,2026-09-29T00:18:41.840090+00:00,109.0,
000059.SZ:qfq,1,SUCCESS,2026-09-29T00:18:41.896557+00:00,109.0,
000819.SZ:qfq,1,DATA_ERROR,2026-09-29T00:18:42.604052+00:00,,BaoStock query_history_k_data_plus error 10001001
001209.SZ:raw,1,DATA_ERROR,2026-09-29T00:18:42.794991+00:00,,BaoStock query_history_k_data_plus error 10001001
001234.SZ:raw,1,SUCCESS,2026-09-29T00:18:43.643093+00:00,109.0,
000428.SZ:qfq,1,SUCCESS,2026-09-29T00:18:43.714964+00:00,109.0,
000819.SZ:qfq,2,SUCCESS,2026-09-29T00:18:44.488998+00:00,109.0,
002029.SZ:raw,1,SUCCESS,2026-09-29T00:18:47.225080+00:00,109.0,
002003.SZ:raw,1,SUCCESS,2026-09-29T00:18:47.348734+00:00,109.0,
001209.SZ:raw,2,SUCCESS,2026-09-29T00:18:47.368670+00:00,109.0,
001234.SZ:qfq,1,SUCCESS,2026-09-29T00:18:47.626977+00:00,109.0,
002029.SZ:qfq,1,SUCCESS,2026-09-29T00:18:51.079080+00:00,109.0,
002154.SZ:raw,1,DATA_ERROR,2026-09-29T00:18:51.607902+00:00,,BaoStock query_history_k_data_plus error 10001001
001209.SZ:qfq,1,SUCCESS,2026-09-29T00:18:51.943666+00:00,109.0,
002003.SZ:qfq,1,DATA_ERROR,2026-09-29T00:18:54.152278+00:00,,BaoStock query_history_k_data_plus error 10001001
002154.SZ:raw,2,SUCCESS,2026-09-29T00:18:55.048493+00:00,109.0,
002269.SZ:raw,1,SUCCESS,2026-09-29T00:18:55.593859+00:00,109.0,
002193.SZ:raw,1,SUCCESS,2026-09-29T00:18:56.976210+00:00,109.0,
002154.SZ:qfq,1,SUCCESS,2026-09-29T00:18:57.480400+00:00,109.0,
002269.SZ:qfq,1,DATA_ERROR,2026-09-29T00:18:58.146736+00:00,,BaoStock query_history_k_data_plus error 10001001
002003.SZ:qfq,2,DATA_ERROR,2026-09-29T00:18:58.191505+00:00,,BaoStock query_history_k_data_plus error 10001001
002269.SZ:qfq,2,SUCCESS,2026-09-29T00:18:59.579790+00:00,109.0,
002193.SZ:qfq,1,SUCCESS,2026-09-29T00:19:00.474031+00:00,109.0,
002377.SZ:raw,1,SUCCESS,2026-09-29T00:19:00.655267+00:00,109.0,
002003.SZ:qfq,3,SUCCESS,2026-09-29T00:19:00.747897+00:00,109.0,
002486.SZ:raw,1,SUCCESS,2026-09-29T00:19:02.022057+00:00,109.0,
002377.SZ:qfq,1,SUCCESS,2026-09-29T00:19:02.033614+00:00,109.0,
002563.SZ:raw,1,DATA_ERROR,2026-09-29T00:19:02.110505+00:00,,BaoStock query_history_k_data_plus error 10001001
002404.SZ:raw,1,SUCCESS,2026-09-29T00:19:04.183354+00:00,109.0,
002563.SZ:raw,2,SUCCESS,2026-09-29T00:19:05.270114+00:00,109.0,
002486.SZ:qfq,1,SUCCESS,2026-09-29T00:19:05.342542+00:00,109.0,
002404.SZ:qfq,1,SUCCESS,2026-09-29T00:19:06.817001+00:00,109.0,
002612.SZ:raw,1,SUCCESS,2026-09-29T00:19:07.084661+00:00,109.0,
002563.SZ:qfq,1,DATA_ERROR,2026-09-29T00:19:07.332739+00:00,,BaoStock query_history_k_data_plus error 10001001
002569.SZ:raw,1,DATA_ERROR,2026-09-29T00:19:08.550206+00:00,,BaoStock query_history_k_data_plus error 10001001
002634.SZ:raw,1,DATA_ERROR,2026-09-29T00:19:08.894450+00:00,,BaoStock query_history_k_data_plus error 10001001
002612.SZ:qfq,1,DATA_ERROR,2026-09-29T00:19:09.168260+00:00,,BaoStock query_history_k_data_plus error 10001001
002563.SZ:qfq,2,DATA_ERROR,2026-09-29T00:19:09.907887+00:00,,BaoStock query_history_k_data_plus error 10001001
002612.SZ:qfq,2,SUCCESS,2026-09-29T00:19:11.372337+00:00,109.0,
002634.SZ:raw,2,SUCCESS,2026-09-29T00:19:11.530175+00:00,109.0,
002569.SZ:raw,2,SUCCESS,2026-09-29T00:19:12.186566+00:00,109.0,
002563.SZ:qfq,3,SUCCESS,2026-09-29T00:19:13.393606+00:00,109.0,
002569.SZ:qfq,1,SUCCESS,2026-09-29T00:19:13.533999+00:00,109.0,
002656.SZ:raw,1,SUCCESS,2026-09-29T00:19:13.608030+00:00,109.0,
002634.SZ:qfq,1,SUCCESS,2026-09-29T00:19:14.727085+00:00,109.0,
002762.SZ:raw,1,SUCCESS,2026-09-29T00:19:15.712653+00:00,109.0,
002656.SZ:qfq,1,SUCCESS,2026-09-29T00:19:15.733947+00:00,109.0,
002687.SZ:raw,1,SUCCESS,2026-09-29T00:19:16.300751+00:00,109.0,
002763.SZ:raw,1,DATA_ERROR,2026-09-29T00:19:16.556631+00:00,,BaoStock query_history_k_data_plus error 10001001
002687.SZ:qfq,1,SUCCESS,2026-09-29T00:19:18.083204+00:00,109.0,
002778.SZ:raw,1,SUCCESS,2026-09-29T00:19:18.877866+00:00,109.0,
002763.SZ:raw,2,SUCCESS,2026-09-29T00:19:19.712455+00:00,109.0,
002778.SZ:qfq,1,SUCCESS,2026-09-29T00:19:21.070173+00:00,109.0,
002763.SZ:qfq,1,SUCCESS,2026-09-29T00:19:21.363809+00:00,109.0,
002832.SZ:raw,1,SUCCESS,2026-09-29T00:19:22.222819+00:00,109.0,
002762.SZ:qfq,1,SUCCESS,2026-09-29T00:19:22.501756+00:00,109.0,
003016.SZ:raw,1,SUCCESS,2026-09-29T00:19:23.958168+00:00,109.0,
300005.SZ:raw,1,SUCCESS,2026-09-29T00:19:24.663951+00:00,109.0,
002875.SZ:raw,1,SUCCESS,2026-09-29T00:19:24.955888+00:00,109.0,
002832.SZ:qfq,1,SUCCESS,2026-09-29T00:19:25.456466+00:00,109.0,
003016.SZ:qfq,1,SUCCESS,2026-09-29T00:19:26.580979+00:00,109.0,
002875.SZ:qfq,1,DATA_ERROR,2026-09-29T00:19:26.766710+00:00,,BaoStock query_history_k_data_plus error 10001001
300839.SZ:raw,1,SUCCESS,2026-09-29T00:19:28.240941+00:00,109.0,
300135.SZ:raw,1,SUCCESS,2026-09-29T00:19:28.443331+00:00,109.0,
300005.SZ:qfq,1,SUCCESS,2026-09-29T00:19:28.584666+00:00,109.0,
300135.SZ:qfq,1,SUCCESS,2026-09-29T00:19:30.152989+00:00,109.0,
002875.SZ:qfq,2,SUCCESS,2026-09-29T00:19:30.224546+00:00,109.0,
300839.SZ:qfq,1,SUCCESS,2026-09-29T00:19:30.664882+00:00,109.0,
300840.SZ:raw,1,DATA_ERROR,2026-09-29T00:19:31.369870+00:00,,BaoStock query_history_k_data_plus error 10001001
301073.SZ:raw,1,SUCCESS,2026-09-29T00:19:31.972208+00:00,109.0,
301066.SZ:raw,1,SUCCESS,2026-09-29T00:19:32.864413+00:00,109.0,
301276.SZ:raw,1,SUCCESS,2026-09-29T00:19:33.302609+00:00,109.0,
300840.SZ:raw,2,SUCCESS,2026-09-29T00:19:34.901949+00:00,109.0,
301073.SZ:qfq,1,SUCCESS,2026-09-29T00:19:35.085427+00:00,109.0,
301276.SZ:qfq,1,SUCCESS,2026-09-29T00:19:35.278842+00:00,109.0,
301066.SZ:qfq,1,SUCCESS,2026-09-29T00:19:35.503525+00:00,109.0,
600107.SH:raw,1,SUCCESS,2026-09-29T00:19:36.483672+00:00,109.0,
600137.SH:raw,1,DATA_ERROR,2026-09-29T00:19:36.596673+00:00,,BaoStock query_history_k_data_plus error 10001001
600107.SH:qfq,1,SUCCESS,2026-09-29T00:19:38.077127+00:00,109.0,
600137.SH:raw,2,SUCCESS,2026-09-29T00:19:38.106501+00:00,109.0,
300840.SZ:qfq,1,SUCCESS,2026-09-29T00:19:39.476356+00:00,109.0,
600137.SH:qfq,1,DATA_ERROR,2026-09-29T00:19:39.926211+00:00,,BaoStock query_history_k_data_plus error 10001001
600177.SH:raw,1,SUCCESS,2026-09-29T00:19:40.423063+00:00,109.0,
600258.SH:raw,1,SUCCESS,2026-09-29T00:19:40.942370+00:00,109.0,
600398.SH:raw,1,SUCCESS,2026-09-29T00:19:41.325619+00:00,109.0,
600137.SH:qfq,2,SUCCESS,2026-09-29T00:19:42.365305+00:00,109.0,
600177.SH:qfq,1,SUCCESS,2026-09-29T00:19:43.967187+00:00,109.0,
600400.SH:raw,1,SUCCESS,2026-09-29T00:19:44.273071+00:00,109.0,
600398.SH:qfq,1,SUCCESS,2026-09-29T00:19:44.327479+00:00,109.0,
600258.SH:qfq,1,DATA_ERROR,2026-09-29T00:19:46.161893+00:00,,BaoStock query_history_k_data_plus error 10001001
600400.SH:qfq,1,SUCCESS,2026-09-29T00:19:46.454803+00:00,109.0,
600506.SH:raw,1,SUCCESS,2026-09-29T00:19:46.542516+00:00,109.0,
600630.SH:raw,1,SUCCESS,2026-09-29T00:19:48.293737+00:00,109.0,
600688.SH:raw,1,SUCCESS,2026-09-29T00:19:49.029502+00:00,109.0,
600506.SH:qfq,1,SUCCESS,2026-09-29T00:19:50.035673+00:00,109.0,
600630.SH:qfq,1,SUCCESS,2026-09-29T00:19:51.321596+00:00,109.0,
600688.SH:qfq,1,SUCCESS,2026-09-29T00:19:52.155121+00:00,109.0,
600792.SH:raw,1,SUCCESS,2026-09-29T00:19:54.652623+00:00,109.0,
600754.SH:raw,1,SUCCESS,2026-09-29T00:19:55.038951+00:00,109.0,
600754.SH:qfq,1,SUCCESS,2026-09-29T00:19:57.405422+00:00,109.0,
600740.SH:raw,1,DATA_ERROR,2026-09-29T00:19:57.815759+00:00,,BaoStock query_history_k_data_plus error 10001001
600997.SH:raw,1,SUCCESS,2026-09-29T00:19:59.767696+00:00,109.0,
600740.SH:raw,2,SUCCESS,2026-09-29T00:20:00.305394+00:00,109.0,
600997.SH:qfq,1,SUCCESS,2026-09-29T00:20:01.673329+00:00,109.0,
600792.SH:qfq,1,DATA_ERROR,2026-09-29T00:20:02.368848+00:00,,BaoStock query_history_k_data_plus error 10001001
600740.SH:qfq,1,SUCCESS,2026-09-29T00:20:02.669449+00:00,109.0,
601007.SH:raw,1,SUCCESS,2026-09-29T00:20:03.667259+00:00,109.0,
601011.SH:raw,1,SUCCESS,2026-09-29T00:20:05.112494+00:00,109.0,
600792.SH:qfq,2,SUCCESS,2026-09-29T00:20:05.785870+00:00,109.0,
601007.SH:qfq,1,DATA_ERROR,2026-09-29T00:20:06.133135+00:00,,BaoStock query_history_k_data_plus error 10001001
600258.SH:qfq,2,SUCCESS,2026-09-29T00:20:08.700306+00:00,109.0,
601011.SH:qfq,1,SUCCESS,2026-09-29T00:20:09.419850+00:00,109.0,
601015.SH:raw,1,SUCCESS,2026-09-29T00:20:11.860565+00:00,109.0,
601718.SH:raw,1,DATA_ERROR,2026-09-29T00:20:12.816680+00:00,,BaoStock query_history_k_data_plus error 10001001
601007.SH:qfq,2,DATA_ERROR,2026-09-29T00:20:13.389461+00:00,,BaoStock query_history_k_data_plus error 10001001
601566.SH:raw,1,DATA_ERROR,2026-09-29T00:20:14.306337+00:00,,BaoStock query_history_k_data_plus error 10001001
601718.SH:raw,2,DATA_ERROR,2026-09-29T00:20:14.541605+00:00,,BaoStock query_history_k_data_plus error 10001001
601015.SH:qfq,1,SUCCESS,2026-09-29T00:20:14.545612+00:00,109.0,
601007.SH:qfq,3,DATA_ERROR,2026-09-29T00:20:14.709754+00:00,,BaoStock query_history_k_data_plus error 10001001
601566.SH:raw,2,SUCCESS,2026-09-29T00:20:16.192990+00:00,109.0,
601718.SH:raw,3,SUCCESS,2026-09-29T00:20:17.051284+00:00,109.0,
603196.SH:raw,1,SUCCESS,2026-09-29T00:20:17.065212+00:00,109.0,
603351.SH:raw,1,SUCCESS,2026-09-29T00:20:18.052590+00:00,109.0,
601718.SH:qfq,1,SUCCESS,2026-09-29T00:20:19.290004+00:00,109.0,
603196.SH:qfq,1,SUCCESS,2026-09-29T00:20:19.297003+00:00,109.0,
601566.SH:qfq,1,SUCCESS,2026-09-29T00:20:19.457335+00:00,109.0,
603351.SH:qfq,1,SUCCESS,2026-09-29T00:20:21.101129+00:00,109.0,
603558.SH:raw,1,SUCCESS,2026-09-29T00:20:21.158526+00:00,109.0,
603518.SH:raw,1,SUCCESS,2026-09-29T00:20:22.635404+00:00,109.0,
603587.SH:raw,1,SUCCESS,2026-09-29T00:20:22.866465+00:00,109.0,
603558.SH:qfq,1,SUCCESS,2026-09-29T00:20:24.191921+00:00,109.0,
603511.SH:raw,1,SUCCESS,2026-09-29T00:20:24.896698+00:00,109.0,
603518.SH:qfq,1,SUCCESS,2026-09-29T00:20:24.911449+00:00,109.0,
603798.SH:raw,1,SUCCESS,2026-09-29T00:20:26.264362+00:00,109.0,
603808.SH:raw,1,SUCCESS,2026-09-29T00:20:27.033721+00:00,109.0,
603511.SH:qfq,1,SUCCESS,2026-09-29T00:20:27.044517+00:00,109.0,
603587.SH:qfq,1,DATA_ERROR,2026-09-29T00:20:28.122145+00:00,,BaoStock query_history_k_data_plus error 10001001
603822.SH:raw,1,SUCCESS,2026-09-29T00:20:28.786878+00:00,109.0,
603798.SH:qfq,1,SUCCESS,2026-09-29T00:20:28.804765+00:00,109.0,
603808.SH:qfq,1,SUCCESS,2026-09-29T00:20:29.242747+00:00,109.0,
603587.SH:qfq,2,SUCCESS,2026-09-29T00:20:30.061518+00:00,109.0,
603839.SH:raw,1,SUCCESS,2026-09-29T00:20:30.238884+00:00,109.0,
603877.SH:raw,1,SUCCESS,2026-09-29T00:20:31.991265+00:00,109.0,
603839.SH:qfq,1,SUCCESS,2026-09-29T00:20:32.137333+00:00,109.0,
605138.SH:raw,1,SUCCESS,2026-09-29T00:20:32.916777+00:00,109.0,
603822.SH:qfq,1,SUCCESS,2026-09-29T00:20:32.991277+00:00,109.0,
603877.SH:qfq,1,SUCCESS,2026-09-29T00:20:34.956686+00:00,109.0,
605138.SH:qfq,1,SUCCESS,2026-09-29T00:20:36.423696+00:00,109.0,
601007.SH:qfq,4,SUCCESS,2026-09-29T00:27:16.153335+00:00,109.0,
