updateDate,code,code_name,industry,industryClassification,symbol
2026-09-28,sh.600107,*ST尔雅,C18纺织服装、服饰业,证监会行业分类,600107.SH
2026-09-28,sh.600137,浪莎股份,C18纺织服装、服饰业,证监会行业分类,600137.SH
2026-09-28,sh.600177,雅戈尔,C18纺织服装、服饰业,证监会行业分类,600177.SH
2026-09-28,sh.600258,首旅酒店,H61住宿业,证监会行业分类,600258.SH
2026-09-28,sh.600398,海澜之家,C18纺织服装、服饰业,证监会行业分类,600398.SH
2026-09-28,sh.600400,红豆股份,C18纺织服装、服饰业,证监会行业分类,600400.SH
2026-09-28,sh.600506,统一股份,C25石油、煤炭及其他燃料加工业,证监会行业分类,600506.SH
2026-09-28,sh.600630,龙头股份,C18纺织服装、服饰业,证监会行业分类,600630.SH
2026-09-28,sh.600688,上海石化,C25石油、煤炭及其他燃料加工业,证监会行业分类,600688.SH
2026-09-28,sh.600740,山西焦化,C25石油、煤炭及其他燃料加工业,证监会行业分类,600740.SH
2026-09-28,sh.600754,锦江酒店,H61住宿业,证监会行业分类,600754.SH
2026-09-28,sh.600792,云煤能源,C25石油、煤炭及其他燃料加工业,证监会行业分类,600792.SH
2026-09-28,sh.600997,开滦股份,C25石油、煤炭及其他燃料加工业,证监会行业分类,600997.SH
2026-09-28,sh.601007,金陵饭店,H61住宿业,证监会行业分类,601007.SH
2026-09-28,sh.601011,宝泰隆,C25石油、煤炭及其他燃料加工业,证监会行业分类,601011.SH
2026-09-28,sh.601015,陕西黑猫,C25石油、煤炭及其他燃料加工业,证监会行业分类,601015.SH
2026-09-28,sh.601566,九牧王,C18纺织服装、服饰业,证监会行业分类,601566.SH
2026-09-28,sh.601718,ST际华,C18纺织服装、服饰业,证监会行业分类,601718.SH
2026-09-28,sh.603196,璞源材料,C18纺织服装、服饰业,证监会行业分类,603196.SH
2026-09-28,sh.603351,威尔药业,C25石油、煤炭及其他燃料加工业,证监会行业分类,603351.SH
2026-09-28,sh.603511,爱慕股份,C18纺织服装、服饰业,证监会行业分类,603511.SH
2026-09-28,sh.603518,锦泓集团,C18纺织服装、服饰业,证监会行业分类,603518.SH
2026-09-28,sh.603558,健盛集团,C18纺织服装、服饰业,证监会行业分类,603558.SH
2026-09-28,sh.603587,地素时尚,C18纺织服装、服饰业,证监会行业分类,603587.SH
2026-09-28,sh.603798,康普顿,C25石油、煤炭及其他燃料加工业,证监会行业分类,603798.SH
2026-09-28,sh.603808,歌力思,C18纺织服装、服饰业,证监会行业分类,603808.SH
2026-09-28,sh.603822,ST嘉澳,C25石油、煤炭及其他燃料加工业,证监会行业分类,603822.SH
2026-09-28,sh.603839,安正时尚,C18纺织服装、服饰业,证监会行业分类,603839.SH
2026-09-28,sh.603877,太平鸟,C18纺织服装、服饰业,证监会行业分类,603877.SH
2026-09-28,sh.605138,盛泰集团,C18纺织服装、服饰业,证监会行业分类,605138.SH
2026-09-28,sz.000059,华锦股份,C25石油、煤炭及其他燃料加工业,证监会行业分类,000059.SZ
2026-09-28,sz.000428,华天酒店,H61住宿业,证监会行业分类,000428.SZ
2026-09-28,sz.000723,美锦能源,C25石油、煤炭及其他燃料加工业,证监会行业分类,000723.SZ
2026-09-28,sz.000819,岳阳兴长,C25石油、煤炭及其他燃料加工业,证监会行业分类,000819.SZ
2026-09-28,sz.001209,洪兴股份,C18纺织服装、服饰业,证监会行业分类,001209.SZ
2026-09-28,sz.001234,泰慕士,C18纺织服装、服饰业,证监会行业分类,001234.SZ
2026-09-28,sz.002003,伟星股份,C18纺织服装、服饰业,证监会行业分类,002003.SZ
2026-09-28,sz.002029,七匹狼,C18纺织服装、服饰业,证监会行业分类,002029.SZ
2026-09-28,sz.002154,报喜鸟,C18纺织服装、服饰业,证监会行业分类,002154.SZ
2026-09-28,sz.002193,ST如意,C18纺织服装、服饰业,证监会行业分类,002193.SZ
2026-09-28,sz.002269,美邦服饰,C18纺织服装、服饰业,证监会行业分类,002269.SZ
2026-09-28,sz.002377,国创高新,C25石油、煤炭及其他燃料加工业,证监会行业分类,002377.SZ
2026-09-28,sz.002404,嘉欣丝绸,C18纺织服装、服饰业,证监会行业分类,002404.SZ
2026-09-28,sz.002486,嘉麟杰,C18纺织服装、服饰业,证监会行业分类,002486.SZ
2026-09-28,sz.002563,森马服饰,C18纺织服装、服饰业,证监会行业分类,002563.SZ
2026-09-28,sz.002569,*ST步森,C18纺织服装、服饰业,证监会行业分类,002569.SZ
2026-09-28,sz.002612,朗姿股份,C18纺织服装、服饰业,证监会行业分类,002612.SZ
2026-09-28,sz.002634,*ST棒杰,C18纺织服装、服饰业,证监会行业分类,002634.SZ
2026-09-28,sz.002656,摩登大道,C18纺织服装、服饰业,证监会行业分类,002656.SZ
2026-09-28,sz.002687,乔治白,C18纺织服装、服饰业,证监会行业分类,002687.SZ
2026-09-28,sz.002762,金发拉比,C18纺织服装、服饰业,证监会行业分类,002762.SZ
2026-09-28,sz.002763,汇洁股份,C18纺织服装、服饰业,证监会行业分类,002763.SZ
2026-09-28,sz.002778,中晟高科,C25石油、煤炭及其他燃料加工业,证监会行业分类,002778.SZ
2026-09-28,sz.002832,比音勒芬,C18纺织服装、服饰业,证监会行业分类,002832.SZ
2026-09-28,sz.002875,安奈儿,C18纺织服装、服饰业,证监会行业分类,002875.SZ
2026-09-28,sz.003016,欣贺股份,C18纺织服装、服饰业,证监会行业分类,003016.SZ
2026-09-28,sz.300005,探路者,C18纺织服装、服饰业,证监会行业分类,300005.SZ
2026-09-28,sz.300135,宝利国际,C25石油、煤炭及其他燃料加工业,证监会行业分类,300135.SZ
2026-09-28,sz.300839,博汇股份,C25石油、煤炭及其他燃料加工业,证监会行业分类,300839.SZ
2026-09-28,sz.300840,酷特智能,C18纺织服装、服饰业,证监会行业分类,300840.SZ
2026-09-28,sz.301066,万事利,C18纺织服装、服饰业,证监会行业分类,301066.SZ
2026-09-28,sz.301073,君亭酒店,H61住宿业,证监会行业分类,301073.SZ
2026-09-28,sz.301276,嘉曼服饰,C18纺织服装、服饰业,证监会行业分类,301276.SZ
