industry,date,expected_members,valid_amount_members,sector_amount,coverage,status
C18纺织服装、服饰业,2026-08-28,41,41,4355927636.4800005,1.0,VALID
C18纺织服装、服饰业,2026-08-31,41,41,4971846741.889999,1.0,VALID
C18纺织服装、服饰业,2026-09-01,41,41,4363163955.360001,1.0,VALID
C18纺织服装、服饰业,2026-09-02,41,41,4270683368.1200004,1.0,VALID
C18纺织服装、服饰业,2026-09-03,41,41,4398948696.559999,1.0,VALID
C18纺织服装、服饰业,2026-09-04,41,41,4327772824.390001,1.0,VALID
C18纺织服装、服饰业,2026-09-07,41,41,4385545981.35,1.0,VALID
C18纺织服装、服饰业,2026-09-08,41,41,4320151061.28,1.0,VALID
C18纺织服装、服饰业,2026-09-09,41,41,3707531636.39,1.0,VALID
C18纺织服装、服饰业,2026-09-10,41,41,3628119301.1700006,1.0,VALID
C18纺织服装、服饰业,2026-09-11,41,41,3920673673.41,1.0,VALID
C18纺织服装、服饰业,2026-09-14,41,41,2896815578.49,1.0,VALID
C18纺织服装、服饰业,2026-09-15,41,41,2768702141.21,1.0,VALID
C18纺织服装、服饰业,2026-09-16,41,41,3738301184.5699997,1.0,VALID
C18纺织服装、服饰业,2026-09-17,41,41,3792309823.9700003,1.0,VALID
C18纺织服装、服饰业,2026-09-18,41,41,4565726199.23,1.0,VALID
C18纺织服装、服饰业,2026-09-21,41,41,4676763454.900001,1.0,VALID
C18纺织服装、服饰业,2026-09-22,41,41,5228076981.93,1.0,VALID
C18纺织服装、服饰业,2026-09-23,41,41,3458043891.55,1.0,VALID
C18纺织服装、服饰业,2026-09-24,41,41,4742129980.14,1.0,VALID
C18纺织服装、服饰业,2026-09-28,41,41,4694878005.190001,1.0,VALID
C25石油、煤炭及其他燃料加工业,2026-08-28,17,17,3041252264.3,1.0,VALID
C25石油、煤炭及其他燃料加工业,2026-08-31,17,17,3702091409.2,1.0,VALID
C25石油、煤炭及其他燃料加工业,2026-09-01,17,17,4197543389.32,1.0,VALID
C25石油、煤炭及其他燃料加工业,2026-09-02,17,17,4344146646.110001,1.0,VALID
C25石油、煤炭及其他燃料加工业,2026-09-03,17,17,3970008605.93,1.0,VALID
C25石油、煤炭及其他燃料加工业,2026-09-04,17,17,3313336263.4399996,1.0,VALID
C25石油、煤炭及其他燃料加工业,2026-09-07,17,17,2725803259.25,1.0,VALID
C25石油、煤炭及其他燃料加工业,2026-09-08,17,17,3565080628.7599998,1.0,VALID
C25石油、煤炭及其他燃料加工业,2026-09-09,17,17,4551722916.85,1.0,VALID
C25石油、煤炭及其他燃料加工业,2026-09-10,17,17,4339559302.77,1.0,VALID
C25石油、煤炭及其他燃料加工业,2026-09-11,17,17,4694486722.68,1.0,VALID
C25石油、煤炭及其他燃料加工业,2026-09-14,17,17,3210932045.91,1.0,VALID
C25石油、煤炭及其他燃料加工业,2026-09-15,17,17,3504166493.44,1.0,VALID
C25石油、煤炭及其他燃料加工业,2026-09-16,17,17,3084865207.0800004,1.0,VALID
C25石油、煤炭及其他燃料加工业,2026-09-17,17,17,2878828314.68,1.0,VALID
C25石油、煤炭及其他燃料加工业,2026-09-18,17,17,2652307305.18,1.0,VALID
C25石油、煤炭及其他燃料加工业,2026-09-21,17,17,2784319097.67,1.0,VALID
C25石油、煤炭及其他燃料加工业,2026-09-22,17,17,3584353999.07,1.0,VALID
C25石油、煤炭及其他燃料加工业,2026-09-23,17,17,2699152007.3,1.0,VALID
C25石油、煤炭及其他燃料加工业,2026-09-24,17,17,3064380411.3900003,1.0,VALID
C25石油、煤炭及其他燃料加工业,2026-09-28,17,17,2824546061.19,1.0,VALID
H61住宿业,2026-08-28,5,5,847424313.21,1.0,VALID
H61住宿业,2026-08-31,5,5,1508113976.95,1.0,VALID
H61住宿业,2026-09-01,5,5,1384105033.2,1.0,VALID
H61住宿业,2026-09-02,5,5,1029220281.29,1.0,VALID
H61住宿业,2026-09-03,5,5,1189835781.95,1.0,VALID
H61住宿业,2026-09-04,5,5,1409562007.91,1.0,VALID
H61住宿业,2026-09-07,5,5,1489888277.4699998,1.0,VALID
H61住宿业,2026-09-08,5,5,1760933665.2900002,1.0,VALID
H61住宿业,2026-09-09,5,5,1375791976.4100003,1.0,VALID
H61住宿业,2026-09-10,5,5,1500059501.7500002,1.0,VALID
H61住宿业,2026-09-11,5,5,1383099331.01,1.0,VALID
H61住宿业,2026-09-14,5,5,987800357.88,1.0,VALID
H61住宿业,2026-09-15,5,5,930758466.45,1.0,VALID
H61住宿业,2026-09-16,5,5,709100747.65,1.0,VALID
H61住宿业,2026-09-17,5,5,578100835.51,1.0,VALID
H61住宿业,2026-09-18,5,5,836790443.08,1.0,VALID
H61住宿业,2026-09-21,5,5,803777466.0699999,1.0,VALID
H61住宿业,2026-09-22,5,5,710778316.86,1.0,VALID
H61住宿业,2026-09-23,5,5,768758889.24,1.0,VALID
H61住宿业,2026-09-24,5,5,490618335.49,1.0,VALID
H61住宿业,2026-09-28,5,5,481814649.12,1.0,VALID
