industry,date,sector_return,benchmark_return,sector_win,expected_count,valid_count,coverage,status
C18纺织服装、服饰业,2026-09-21,0.02174932989274882,0.009723070139780132,True,41,41,1.0,VALID
C18纺织服装、服饰业,2026-09-22,-0.004808801137340935,0.0005623423823568618,False,41,41,1.0,VALID
C18纺织服装、服饰业,2026-09-23,-0.009971491939697336,-0.003949290103964387,False,41,41,1.0,VALID
C18纺织服装、服饰业,2026-09-24,0.010000725519178928,-0.012230625329748723,True,41,41,1.0,VALID
C18纺织服装、服饰业,2026-09-28,-0.018009490885376168,-0.01665302857456752,False,41,41,1.0,VALID
C25石油、煤炭及其他燃料加工业,2026-09-21,0.027574522826494263,0.009723070139780132,True,17,17,1.0,VALID
C25石油、煤炭及其他燃料加工业,2026-09-22,0.004522640714818978,0.0005623423823568618,True,17,17,1.0,VALID
C25石油、煤炭及其他燃料加工业,2026-09-23,-0.027497566543707424,-0.003949290103964387,False,17,17,1.0,VALID
C25石油、煤炭及其他燃料加工业,2026-09-24,0.009234614404076802,-0.012230625329748723,True,17,17,1.0,VALID
C25石油、煤炭及其他燃料加工业,2026-09-28,-0.014615567747232527,-0.01665302857456752,True,17,17,1.0,VALID
H61住宿业,2026-09-21,0.023670761717892664,0.009723070139780132,True,5,5,1.0,VALID
H61住宿业,2026-09-22,-0.009106703773728153,0.0005623423823568618,False,5,5,1.0,VALID
H61住宿业,2026-09-23,-0.011631238788292798,-0.003949290103964387,False,5,5,1.0,VALID
H61住宿业,2026-09-24,-0.015900154829530333,-0.012230625329748723,False,5,5,1.0,VALID
H61住宿业,2026-09-28,-0.017785940337724782,-0.01665302857456752,False,5,5,1.0,VALID
