sector_id,sector_name,constituent_count,trade_date,sector_heat,data_status,candidate_status
A01,A01农业,8,2026-09-30,,DATA_INCOMPLETE,NOT_EVALUABLE
A02,A02林业,2,2026-09-30,,DATA_INCOMPLETE,NOT_EVALUABLE
A04,A04渔业,6,2026-09-30,,DATA_INCOMPLETE,NOT_EVALUABLE
A05,A05农、林、牧、渔专业及辅助性活动,7,2026-09-30,,DATA_INCOMPLETE,NOT_EVALUABLE
B08,B08黑色金属矿采选业,7,2026-09-30,,DATA_INCOMPLETE,NOT_EVALUABLE
B09,B09有色金属矿采选业,28,2026-09-30,,DATA_INCOMPLETE,NOT_EVALUABLE
B10,B10非金属矿采选业,2,2026-09-30,,DATA_INCOMPLETE,NOT_EVALUABLE
C14,C14食品制造业,72,2026-09-30,,DATA_INCOMPLETE,NOT_EVALUABLE
C24,C24文教、工美、体育和娱乐用品制造业,24,2026-09-30,,DATA_INCOMPLETE,NOT_EVALUABLE
C26,C26化学原料和化学制品制造业,354,2026-09-30,,DATA_ERROR,NOT_EVALUABLE
C27,C27医药制造业,310,2026-09-30,,DATA_ERROR,NOT_EVALUABLE
C28,C28化学纤维制造业,25,2026-09-30,,DATA_ERROR,NOT_EVALUABLE
C29,C29橡胶和塑料制品业,125,2026-09-30,,DATA_INCOMPLETE,NOT_EVALUABLE
C30,C30非金属矿物制品业,105,2026-09-30,,DATA_INCOMPLETE,NOT_EVALUABLE
C32,C32有色金属冶炼和压延加工业,87,2026-09-30,,DATA_INCOMPLETE,NOT_EVALUABLE
C33,C33金属制品业,98,2026-09-30,,DATA_INCOMPLETE,NOT_EVALUABLE
C34,C34通用设备制造业,235,2026-09-30,,DATA_INCOMPLETE,NOT_EVALUABLE
C35,C35专用设备制造业,361,2026-09-30,,DATA_INCOMPLETE,NOT_EVALUABLE
C36,C36汽车制造业,199,2026-09-30,,DATA_INCOMPLETE,NOT_EVALUABLE
C38,C38电气机械和器材制造业,333,2026-09-30,,DATA_INCOMPLETE,NOT_EVALUABLE
C39,C39计算机、通信和其他电子设备制造业,666,2026-09-30,,DATA_INCOMPLETE,NOT_EVALUABLE
C40,C40仪器仪表制造业,85,2026-09-30,,DATA_INCOMPLETE,NOT_EVALUABLE
C43,C43金属制品、机械和设备修理业,3,2026-09-30,,DATA_INCOMPLETE,NOT_EVALUABLE
E47,E47房屋建筑业,3,2026-09-30,,DATA_INCOMPLETE,NOT_EVALUABLE
E48,E48土木工程建筑业,65,2026-09-30,,DATA_INCOMPLETE,NOT_EVALUABLE
E49,E49建筑安装业,5,2026-09-30,,DATA_INCOMPLETE,NOT_EVALUABLE
G53,G53铁路运输业,7,2026-09-30,,DATA_INCOMPLETE,NOT_EVALUABLE
G59,G59装卸搬运和仓储业,7,2026-09-30,,DATA_INCOMPLETE,NOT_EVALUABLE
G60,G60邮政业,4,2026-09-30,,DATA_INCOMPLETE,NOT_EVALUABLE
H61,H61住宿业,5,2026-09-30,,DATA_INCOMPLETE,NOT_EVALUABLE
H62,H62餐饮业,4,2026-09-30,,DATA_INCOMPLETE,NOT_EVALUABLE
I65,I65软件和信息技术服务业,335,2026-09-30,,DATA_INCOMPLETE,NOT_EVALUABLE
J67,J67资本市场服务,56,2026-09-30,,DATA_INCOMPLETE,NOT_EVALUABLE
J68,J68保险业,6,2026-09-30,,DATA_INCOMPLETE,NOT_EVALUABLE
L71,L71租赁业,3,2026-09-30,,DATA_INCOMPLETE,NOT_EVALUABLE
M74,M74专业技术服务业,77,2026-09-30,,DATA_INCOMPLETE,NOT_EVALUABLE
M75,M75科技推广和应用服务业,2,2026-09-30,,DATA_INCOMPLETE,NOT_EVALUABLE
N76,N76水利管理业,1,2026-09-30,,DATA_INCOMPLETE,NOT_EVALUABLE
O81,O81机动车、电子产品和日用产品修理业,1,2026-09-30,,DATA_INCOMPLETE,NOT_EVALUABLE
R86,R86新闻和出版业,29,2026-09-30,,DATA_INCOMPLETE,NOT_EVALUABLE
R88,R88文化艺术业,4,2026-09-30,,DATA_INCOMPLETE,NOT_EVALUABLE
R89,R89体育,2,2026-09-30,,DATA_INCOMPLETE,NOT_EVALUABLE
S91,S91综合,7,2026-09-30,,DATA_INCOMPLETE,NOT_EVALUABLE
