symbol,reason
600001.SH,NO_PRIMARY_INDUSTRY
600002.SH,NO_PRIMARY_INDUSTRY
600003.SH,NO_PRIMARY_INDUSTRY
600005.SH,NO_PRIMARY_INDUSTRY
600065.SH,NO_PRIMARY_INDUSTRY
600068.SH,NO_PRIMARY_INDUSTRY
600069.SH,NO_PRIMARY_INDUSTRY
600070.SH,NO_PRIMARY_INDUSTRY
600074.SH,NO_PRIMARY_INDUSTRY
600077.SH,NO_PRIMARY_INDUSTRY
600083.SH,NO_PRIMARY_INDUSTRY
600086.SH,NO_PRIMARY_INDUSTRY
600087.SH,NO_PRIMARY_INDUSTRY
600090.SH,NO_PRIMARY_INDUSTRY
600091.SH,NO_PRIMARY_INDUSTRY
600092.SH,NO_PRIMARY_INDUSTRY
600093.SH,NO_PRIMARY_INDUSTRY
600102.SH,NO_PRIMARY_INDUSTRY
600112.SH,NO_PRIMARY_INDUSTRY
600122.SH,NO_PRIMARY_INDUSTRY
600139.SH,NO_PRIMARY_INDUSTRY
600145.SH,NO_PRIMARY_INDUSTRY
600146.SH,NO_PRIMARY_INDUSTRY
600175.SH,NO_PRIMARY_INDUSTRY
600181.SH,NO_PRIMARY_INDUSTRY
600190.SH,NO_PRIMARY_INDUSTRY
600193.SH,NO_PRIMARY_INDUSTRY
600200.SH,NO_PRIMARY_INDUSTRY
600205.SH,NO_PRIMARY_INDUSTRY
600209.SH,NO_PRIMARY_INDUSTRY
600213.SH,NO_PRIMARY_INDUSTRY
600220.SH,NO_PRIMARY_INDUSTRY
600225.SH,NO_PRIMARY_INDUSTRY
600240.SH,NO_PRIMARY_INDUSTRY
600242.SH,NO_PRIMARY_INDUSTRY
600247.SH,NO_PRIMARY_INDUSTRY
600253.SH,NO_PRIMARY_INDUSTRY
600260.SH,NO_PRIMARY_INDUSTRY
600263.SH,NO_PRIMARY_INDUSTRY
600270.SH,NO_PRIMARY_INDUSTRY
600275.SH,NO_PRIMARY_INDUSTRY
600277.SH,NO_PRIMARY_INDUSTRY
600286.SH,NO_PRIMARY_INDUSTRY
600290.SH,NO_PRIMARY_INDUSTRY
600291.SH,NO_PRIMARY_INDUSTRY
600296.SH,NO_PRIMARY_INDUSTRY
600297.SH,NO_PRIMARY_INDUSTRY
600306.SH,NO_PRIMARY_INDUSTRY
600311.SH,NO_PRIMARY_INDUSTRY
600317.SH,NO_PRIMARY_INDUSTRY
600321.SH,NO_PRIMARY_INDUSTRY
600355.SH,NO_PRIMARY_INDUSTRY
600357.SH,NO_PRIMARY_INDUSTRY
600385.SH,NO_PRIMARY_INDUSTRY
600387.SH,NO_PRIMARY_INDUSTRY
600393.SH,NO_PRIMARY_INDUSTRY
600401.SH,NO_PRIMARY_INDUSTRY
600421.SH,NO_PRIMARY_INDUSTRY
600432.SH,NO_PRIMARY_INDUSTRY
600462.SH,NO_PRIMARY_INDUSTRY
600466.SH,NO_PRIMARY_INDUSTRY
600472.SH,NO_PRIMARY_INDUSTRY
600485.SH,NO_PRIMARY_INDUSTRY
600532.SH,NO_PRIMARY_INDUSTRY
600553.SH,NO_PRIMARY_INDUSTRY
600555.SH,NO_PRIMARY_INDUSTRY
600565.SH,NO_PRIMARY_INDUSTRY
600591.SH,NO_PRIMARY_INDUSTRY
600599.SH,NO_PRIMARY_INDUSTRY
600607.SH,NO_PRIMARY_INDUSTRY
600608.SH,NO_PRIMARY_INDUSTRY
600614.SH,NO_PRIMARY_INDUSTRY
600625.SH,NO_PRIMARY_INDUSTRY
600627.SH,NO_PRIMARY_INDUSTRY
600631.SH,NO_PRIMARY_INDUSTRY
600632.SH,NO_PRIMARY_INDUSTRY
600634.SH,NO_PRIMARY_INDUSTRY
600636.SH,NO_PRIMARY_INDUSTRY
600646.SH,NO_PRIMARY_INDUSTRY
600647.SH,NO_PRIMARY_INDUSTRY
600652.SH,NO_PRIMARY_INDUSTRY
600656.SH,NO_PRIMARY_INDUSTRY
600659.SH,NO_PRIMARY_INDUSTRY
600669.SH,NO_PRIMARY_INDUSTRY
600670.SH,NO_PRIMARY_INDUSTRY
600672.SH,NO_PRIMARY_INDUSTRY
600677.SH,NO_PRIMARY_INDUSTRY
600680.SH,NO_PRIMARY_INDUSTRY
600687.SH,NO_PRIMARY_INDUSTRY
600695.SH,NO_PRIMARY_INDUSTRY
600696.SH,NO_PRIMARY_INDUSTRY
600700.SH,NO_PRIMARY_INDUSTRY
600701.SH,NO_PRIMARY_INDUSTRY
600705.SH,NO_PRIMARY_INDUSTRY
600709.SH,NO_PRIMARY_INDUSTRY
600723.SH,NO_PRIMARY_INDUSTRY
600747.SH,NO_PRIMARY_INDUSTRY
600752.SH,NO_PRIMARY_INDUSTRY
600762.SH,NO_PRIMARY_INDUSTRY
600766.SH,NO_PRIMARY_INDUSTRY
600767.SH,NO_PRIMARY_INDUSTRY
600772.SH,NO_PRIMARY_INDUSTRY
600781.SH,NO_PRIMARY_INDUSTRY
600786.SH,NO_PRIMARY_INDUSTRY
600788.SH,NO_PRIMARY_INDUSTRY
600799.SH,NO_PRIMARY_INDUSTRY
600804.SH,NO_PRIMARY_INDUSTRY
600806.SH,NO_PRIMARY_INDUSTRY
600811.SH,NO_PRIMARY_INDUSTRY
600813.SH,NO_PRIMARY_INDUSTRY
600823.SH,NO_PRIMARY_INDUSTRY
600832.SH,NO_PRIMARY_INDUSTRY
600836.SH,NO_PRIMARY_INDUSTRY
600837.SH,NO_PRIMARY_INDUSTRY
600840.SH,NO_PRIMARY_INDUSTRY
600842.SH,NO_PRIMARY_INDUSTRY
600849.SH,NO_PRIMARY_INDUSTRY
600852.SH,NO_PRIMARY_INDUSTRY
600856.SH,NO_PRIMARY_INDUSTRY
600870.SH,NO_PRIMARY_INDUSTRY
600878.SH,NO_PRIMARY_INDUSTRY
600890.SH,NO_PRIMARY_INDUSTRY
600891.SH,NO_PRIMARY_INDUSTRY
600896.SH,NO_PRIMARY_INDUSTRY
600898.SH,NO_PRIMARY_INDUSTRY
600899.SH,NO_PRIMARY_INDUSTRY
600978.SH,NO_PRIMARY_INDUSTRY
600991.SH,NO_PRIMARY_INDUSTRY
601028.SH,NO_PRIMARY_INDUSTRY
601258.SH,NO_PRIMARY_INDUSTRY
601268.SH,NO_PRIMARY_INDUSTRY
601299.SH,NO_PRIMARY_INDUSTRY
601558.SH,NO_PRIMARY_INDUSTRY
601989.SH,NO_PRIMARY_INDUSTRY
603003.SH,NO_PRIMARY_INDUSTRY
603056.SH,NO_PRIMARY_INDUSTRY
603133.SH,NO_PRIMARY_INDUSTRY
603157.SH,NO_PRIMARY_INDUSTRY
603388.SH,NO_PRIMARY_INDUSTRY
603555.SH,NO_PRIMARY_INDUSTRY
603603.SH,NO_PRIMARY_INDUSTRY
603963.SH,NO_PRIMARY_INDUSTRY
603996.SH,NO_PRIMARY_INDUSTRY
605081.SH,NO_PRIMARY_INDUSTRY
688086.SH,NO_PRIMARY_INDUSTRY
688287.SH,NO_PRIMARY_INDUSTRY
688555.SH,NO_PRIMARY_INDUSTRY
000003.SZ,NO_PRIMARY_INDUSTRY
000004.SZ,NO_PRIMARY_INDUSTRY
000005.SZ,NO_PRIMARY_INDUSTRY
000013.SZ,NO_PRIMARY_INDUSTRY
000015.SZ,NO_PRIMARY_INDUSTRY
000018.SZ,NO_PRIMARY_INDUSTRY
000023.SZ,NO_PRIMARY_INDUSTRY
000024.SZ,NO_PRIMARY_INDUSTRY
000033.SZ,NO_PRIMARY_INDUSTRY
000038.SZ,NO_PRIMARY_INDUSTRY
000040.SZ,NO_PRIMARY_INDUSTRY
000046.SZ,NO_PRIMARY_INDUSTRY
000047.SZ,NO_PRIMARY_INDUSTRY
000150.SZ,NO_PRIMARY_INDUSTRY
000405.SZ,NO_PRIMARY_INDUSTRY
000406.SZ,NO_PRIMARY_INDUSTRY
000412.SZ,NO_PRIMARY_INDUSTRY
000413.SZ,NO_PRIMARY_INDUSTRY
000416.SZ,NO_PRIMARY_INDUSTRY
000418.SZ,NO_PRIMARY_INDUSTRY
000502.SZ,NO_PRIMARY_INDUSTRY
000508.SZ,NO_PRIMARY_INDUSTRY
000511.SZ,NO_PRIMARY_INDUSTRY
000515.SZ,NO_PRIMARY_INDUSTRY
000522.SZ,NO_PRIMARY_INDUSTRY
000527.SZ,NO_PRIMARY_INDUSTRY
000535.SZ,NO_PRIMARY_INDUSTRY
000540.SZ,NO_PRIMARY_INDUSTRY
000542.SZ,NO_PRIMARY_INDUSTRY
000549.SZ,NO_PRIMARY_INDUSTRY
000556.SZ,NO_PRIMARY_INDUSTRY
000562.SZ,NO_PRIMARY_INDUSTRY
000569.SZ,NO_PRIMARY_INDUSTRY
000578.SZ,NO_PRIMARY_INDUSTRY
000583.SZ,NO_PRIMARY_INDUSTRY
000584.SZ,NO_PRIMARY_INDUSTRY
000585.SZ,NO_PRIMARY_INDUSTRY
000587.SZ,NO_PRIMARY_INDUSTRY
000588.SZ,NO_PRIMARY_INDUSTRY
000594.SZ,NO_PRIMARY_INDUSTRY
000602.SZ,NO_PRIMARY_INDUSTRY
000606.SZ,NO_PRIMARY_INDUSTRY
000611.SZ,NO_PRIMARY_INDUSTRY
000613.SZ,NO_PRIMARY_INDUSTRY
000616.SZ,NO_PRIMARY_INDUSTRY
000618.SZ,NO_PRIMARY_INDUSTRY
000621.SZ,NO_PRIMARY_INDUSTRY
000622.SZ,NO_PRIMARY_INDUSTRY
000627.SZ,NO_PRIMARY_INDUSTRY
000638.SZ,NO_PRIMARY_INDUSTRY
000653.SZ,NO_PRIMARY_INDUSTRY
000658.SZ,NO_PRIMARY_INDUSTRY
000660.SZ,NO_PRIMARY_INDUSTRY
000662.SZ,NO_PRIMARY_INDUSTRY
000666.SZ,NO_PRIMARY_INDUSTRY
000667.SZ,NO_PRIMARY_INDUSTRY
000671.SZ,NO_PRIMARY_INDUSTRY
000673.SZ,NO_PRIMARY_INDUSTRY
000675.SZ,NO_PRIMARY_INDUSTRY
000687.SZ,NO_PRIMARY_INDUSTRY
000689.SZ,NO_PRIMARY_INDUSTRY
000693.SZ,NO_PRIMARY_INDUSTRY
000699.SZ,NO_PRIMARY_INDUSTRY
000730.SZ,NO_PRIMARY_INDUSTRY
000732.SZ,NO_PRIMARY_INDUSTRY
000748.SZ,NO_PRIMARY_INDUSTRY
000760.SZ,NO_PRIMARY_INDUSTRY
000763.SZ,NO_PRIMARY_INDUSTRY
000765.SZ,NO_PRIMARY_INDUSTRY
000769.SZ,NO_PRIMARY_INDUSTRY
000780.SZ,NO_PRIMARY_INDUSTRY
000787.SZ,NO_PRIMARY_INDUSTRY
000805.SZ,NO_PRIMARY_INDUSTRY
000806.SZ,NO_PRIMARY_INDUSTRY
000817.SZ,NO_PRIMARY_INDUSTRY
000827.SZ,NO_PRIMARY_INDUSTRY
000832.SZ,NO_PRIMARY_INDUSTRY
000835.SZ,NO_PRIMARY_INDUSTRY
000836.SZ,NO_PRIMARY_INDUSTRY
000851.SZ,NO_PRIMARY_INDUSTRY
000861.SZ,NO_PRIMARY_INDUSTRY
000866.SZ,NO_PRIMARY_INDUSTRY
000916.SZ,NO_PRIMARY_INDUSTRY
000918.SZ,NO_PRIMARY_INDUSTRY
000939.SZ,NO_PRIMARY_INDUSTRY
000956.SZ,NO_PRIMARY_INDUSTRY
000961.SZ,NO_PRIMARY_INDUSTRY
000971.SZ,NO_PRIMARY_INDUSTRY
000976.SZ,NO_PRIMARY_INDUSTRY
000979.SZ,NO_PRIMARY_INDUSTRY
000982.SZ,NO_PRIMARY_INDUSTRY
000996.SZ,NO_PRIMARY_INDUSTRY
002002.SZ,NO_PRIMARY_INDUSTRY
002013.SZ,NO_PRIMARY_INDUSTRY
002018.SZ,NO_PRIMARY_INDUSTRY
002070.SZ,NO_PRIMARY_INDUSTRY
002071.SZ,NO_PRIMARY_INDUSTRY
002087.SZ,NO_PRIMARY_INDUSTRY
002089.SZ,NO_PRIMARY_INDUSTRY
002113.SZ,NO_PRIMARY_INDUSTRY
002118.SZ,NO_PRIMARY_INDUSTRY
002143.SZ,NO_PRIMARY_INDUSTRY
002147.SZ,NO_PRIMARY_INDUSTRY
002220.SZ,NO_PRIMARY_INDUSTRY
002231.SZ,NO_PRIMARY_INDUSTRY
002260.SZ,NO_PRIMARY_INDUSTRY
002280.SZ,NO_PRIMARY_INDUSTRY
002288.SZ,NO_PRIMARY_INDUSTRY
002308.SZ,NO_PRIMARY_INDUSTRY
002325.SZ,NO_PRIMARY_INDUSTRY
002336.SZ,NO_PRIMARY_INDUSTRY
002341.SZ,NO_PRIMARY_INDUSTRY
002359.SZ,NO_PRIMARY_INDUSTRY
002411.SZ,NO_PRIMARY_INDUSTRY
002417.SZ,NO_PRIMARY_INDUSTRY
002433.SZ,NO_PRIMARY_INDUSTRY
002435.SZ,NO_PRIMARY_INDUSTRY
002447.SZ,NO_PRIMARY_INDUSTRY
002450.SZ,NO_PRIMARY_INDUSTRY
002464.SZ,NO_PRIMARY_INDUSTRY
002473.SZ,NO_PRIMARY_INDUSTRY
002477.SZ,NO_PRIMARY_INDUSTRY
002499.SZ,NO_PRIMARY_INDUSTRY
002502.SZ,NO_PRIMARY_INDUSTRY
002503.SZ,NO_PRIMARY_INDUSTRY
002504.SZ,NO_PRIMARY_INDUSTRY
002505.SZ,NO_PRIMARY_INDUSTRY
002509.SZ,NO_PRIMARY_INDUSTRY
002604.SZ,NO_PRIMARY_INDUSTRY
002610.SZ,NO_PRIMARY_INDUSTRY
002618.SZ,NO_PRIMARY_INDUSTRY
002619.SZ,NO_PRIMARY_INDUSTRY
002621.SZ,NO_PRIMARY_INDUSTRY
002665.SZ,NO_PRIMARY_INDUSTRY
002680.SZ,NO_PRIMARY_INDUSTRY
002684.SZ,NO_PRIMARY_INDUSTRY
002699.SZ,NO_PRIMARY_INDUSTRY
002711.SZ,NO_PRIMARY_INDUSTRY
002740.SZ,NO_PRIMARY_INDUSTRY
002750.SZ,NO_PRIMARY_INDUSTRY
002751.SZ,NO_PRIMARY_INDUSTRY
002770.SZ,NO_PRIMARY_INDUSTRY
002776.SZ,NO_PRIMARY_INDUSTRY
002781.SZ,NO_PRIMARY_INDUSTRY
002808.SZ,NO_PRIMARY_INDUSTRY
002898.SZ,NO_PRIMARY_INDUSTRY
300023.SZ,NO_PRIMARY_INDUSTRY
300028.SZ,NO_PRIMARY_INDUSTRY
300029.SZ,NO_PRIMARY_INDUSTRY
300038.SZ,NO_PRIMARY_INDUSTRY
300064.SZ,NO_PRIMARY_INDUSTRY
300089.SZ,NO_PRIMARY_INDUSTRY
300090.SZ,NO_PRIMARY_INDUSTRY
300104.SZ,NO_PRIMARY_INDUSTRY
300108.SZ,NO_PRIMARY_INDUSTRY
300116.SZ,NO_PRIMARY_INDUSTRY
300117.SZ,NO_PRIMARY_INDUSTRY
300156.SZ,NO_PRIMARY_INDUSTRY
300178.SZ,NO_PRIMARY_INDUSTRY
300186.SZ,NO_PRIMARY_INDUSTRY
300202.SZ,NO_PRIMARY_INDUSTRY
300208.SZ,NO_PRIMARY_INDUSTRY
300216.SZ,NO_PRIMARY_INDUSTRY
300262.SZ,NO_PRIMARY_INDUSTRY
300273.SZ,NO_PRIMARY_INDUSTRY
300280.SZ,NO_PRIMARY_INDUSTRY
300282.SZ,NO_PRIMARY_INDUSTRY
300297.SZ,NO_PRIMARY_INDUSTRY
300309.SZ,NO_PRIMARY_INDUSTRY
300312.SZ,NO_PRIMARY_INDUSTRY
300325.SZ,NO_PRIMARY_INDUSTRY
300330.SZ,NO_PRIMARY_INDUSTRY
300336.SZ,NO_PRIMARY_INDUSTRY
300344.SZ,NO_PRIMARY_INDUSTRY
300356.SZ,NO_PRIMARY_INDUSTRY
300362.SZ,NO_PRIMARY_INDUSTRY
300367.SZ,NO_PRIMARY_INDUSTRY
300372.SZ,NO_PRIMARY_INDUSTRY
300379.SZ,NO_PRIMARY_INDUSTRY
300391.SZ,NO_PRIMARY_INDUSTRY
300392.SZ,NO_PRIMARY_INDUSTRY
300431.SZ,NO_PRIMARY_INDUSTRY
300495.SZ,NO_PRIMARY_INDUSTRY
300526.SZ,NO_PRIMARY_INDUSTRY
300630.SZ,NO_PRIMARY_INDUSTRY
300742.SZ,NO_PRIMARY_INDUSTRY
300799.SZ,NO_PRIMARY_INDUSTRY
