date,code,open,high,low,close,preclose,pctChg,volume,amount,adjustflag,provider,symbol,exchange,data_provenance
2026-07-13,sh.000001,3966.0234,3983.0535,3900.6676,3913.794,3996.1616,-2.061168,59090735600,1334871933909.0,3,baostock,000001.SH,SH,baostock:query_history_k_data_plus:sh.000001:adjustflag=3
2026-07-14,sh.000001,3909.274,3967.1262,3869.3042,3967.1262,3913.794,1.362673,57998205200,1271796839678.5,3,baostock,000001.SH,SH,baostock:query_history_k_data_plus:sh.000001:adjustflag=3
2026-07-15,sh.000001,3963.7267,3981.6716,3943.6953,3955.5781,3967.1262,-0.291095,57620949200,1226298269897.2,3,baostock,000001.SH,SH,baostock:query_history_k_data_plus:sh.000001:adjustflag=3
2026-07-16,sh.000001,3912.3812,3940.4505,3867.6012,3882.4126,3955.5781,-1.849679,53528187300,1124208166213.8,3,baostock,000001.SH,SH,baostock:query_history_k_data_plus:sh.000001:adjustflag=3
2026-07-17,sh.000001,3865.3165,3869.2148,3745.1744,3764.1547,3882.4126,-3.04599,65045098400,1246445452836.3,3,baostock,000001.SH,SH,baostock:query_history_k_data_plus:sh.000001:adjustflag=3
2026-07-20,sh.000001,3791.6616,3831.6593,3741.1099,3796.2814,3764.1547,0.85349,70923406900,1294651895844.7,3,baostock,000001.SH,SH,baostock:query_history_k_data_plus:sh.000001:adjustflag=3
2026-07-21,sh.000001,3812.1618,3864.6002,3743.3601,3864.3671,3796.2814,1.793484,73502192500,1396517619563.9,3,baostock,000001.SH,SH,baostock:query_history_k_data_plus:sh.000001:adjustflag=3
2026-07-22,sh.000001,3839.6654,3884.4352,3839.6654,3867.0336,3864.3671,0.069002,61425521500,1258148128160.0,3,baostock,000001.SH,SH,baostock:query_history_k_data_plus:sh.000001:adjustflag=3
2026-07-23,sh.000001,3868.0871,3878.8318,3851.7058,3876.7774,3867.0336,0.251971,56212260100,1025875517700.1,3,baostock,000001.SH,SH,baostock:query_history_k_data_plus:sh.000001:adjustflag=3
2026-07-24,sh.000001,3853.6316,3861.0404,3808.6359,3814.1978,3876.7774,-1.614217,50820390500,915366398292.6,3,baostock,000001.SH,SH,baostock:query_history_k_data_plus:sh.000001:adjustflag=3
2026-07-27,sh.000001,3808.9032,3858.3097,3793.4489,3858.245,3814.1978,1.154822,50487945400,1031312143065.2,3,baostock,000001.SH,SH,baostock:query_history_k_data_plus:sh.000001:adjustflag=3
2026-07-28,sh.000001,3823.1331,3844.0118,3797.3727,3813.3146,3858.245,-1.164529,49482912600,949683080126.4,3,baostock,000001.SH,SH,baostock:query_history_k_data_plus:sh.000001:adjustflag=3
2026-07-29,sh.000001,3823.2931,3845.7661,3782.4811,3828.469,3813.3146,0.397408,57122639100,1087407759096.1,3,baostock,000001.SH,SH,baostock:query_history_k_data_plus:sh.000001:adjustflag=3
2026-07-30,sh.000001,3812.111,3839.3407,3767.5033,3804.6926,3828.469,-0.621042,59229892300,1106477266461.8,3,baostock,000001.SH,SH,baostock:query_history_k_data_plus:sh.000001:adjustflag=3
2026-07-31,sh.000001,3833.5359,3847.0926,3822.3736,3832.2624,3804.6926,0.724626,59752942700,1187681546393.3,3,baostock,000001.SH,SH,baostock:query_history_k_data_plus:sh.000001:adjustflag=3
2026-08-03,sh.000001,3812.6129,3827.6359,3797.6431,3809.6629,3832.2624,-0.589717,52451696000,952256890102.3,3,baostock,000001.SH,SH,baostock:query_history_k_data_plus:sh.000001:adjustflag=3
2026-08-04,sh.000001,3816.3699,3831.94,3799.5244,3822.2846,3809.6629,0.331308,54032492200,1008382536905.4,3,baostock,000001.SH,SH,baostock:query_history_k_data_plus:sh.000001:adjustflag=3
2026-08-05,sh.000001,3815.1217,3884.3971,3815.1217,3878.4296,3822.2846,1.468886,59215512400,1208723017752.0,3,baostock,000001.SH,SH,baostock:query_history_k_data_plus:sh.000001:adjustflag=3
2026-08-06,sh.000001,3864.2734,3902.0543,3864.2734,3900.3523,3878.4296,0.565247,58855528000,1166818677225.2,3,baostock,000001.SH,SH,baostock:query_history_k_data_plus:sh.000001:adjustflag=3
2026-08-07,sh.000001,3896.4854,3940.9347,3885.6248,3940.0371,3900.3523,1.017467,56498858200,1209543573294.4,3,baostock,000001.SH,SH,baostock:query_history_k_data_plus:sh.000001:adjustflag=3
2026-08-10,sh.000001,3943.816,3967.5919,3938.625,3966.5935,3940.0371,0.674014,54211811000,1166893282353.8,3,baostock,000001.SH,SH,baostock:query_history_k_data_plus:sh.000001:adjustflag=3
2026-08-11,sh.000001,3950.7078,3966.391,3930.6386,3934.0929,3966.5935,-0.819358,52949094400,1066737091823.1,3,baostock,000001.SH,SH,baostock:query_history_k_data_plus:sh.000001:adjustflag=3
2026-08-12,sh.000001,3933.5533,3950.6213,3927.5489,3946.6752,3934.0929,0.319827,50325701100,986122393817.1,3,baostock,000001.SH,SH,baostock:query_history_k_data_plus:sh.000001:adjustflag=3
2026-08-13,sh.000001,3957.1612,3968.4758,3924.6418,3926.9648,3946.6752,-0.499418,57279367700,1164203068529.8,3,baostock,000001.SH,SH,baostock:query_history_k_data_plus:sh.000001:adjustflag=3
2026-08-14,sh.000001,3930.0215,3932.6405,3903.7048,3927.1764,3926.9648,0.005388,49952561300,990371924237.7,3,baostock,000001.SH,SH,baostock:query_history_k_data_plus:sh.000001:adjustflag=3
2026-08-17,sh.000001,3930.1044,3983.5066,3924.4738,3982.6535,3927.1764,1.412646,48983402700,1112818620627.0,3,baostock,000001.SH,SH,baostock:query_history_k_data_plus:sh.000001:adjustflag=3
2026-08-18,sh.000001,3979.4898,3994.1812,3955.6012,3990.3037,3982.6535,0.192088,51123428700,1135187666395.3,3,baostock,000001.SH,SH,baostock:query_history_k_data_plus:sh.000001:adjustflag=3
2026-08-19,sh.000001,3952.1219,3961.1368,3879.5785,3894.4224,3990.3037,-2.402857,57219121300,1218107974056.1,3,baostock,000001.SH,SH,baostock:query_history_k_data_plus:sh.000001:adjustflag=3
2026-08-20,sh.000001,3907.2058,3925.0615,3888.0989,3903.721,3894.4224,0.238767,50663395400,1018568353176.8,3,baostock,000001.SH,SH,baostock:query_history_k_data_plus:sh.000001:adjustflag=3
2026-08-21,sh.000001,3891.1751,3912.1314,3883.787,3905.2026,3903.721,0.037954,44689586800,883423480098.6,3,baostock,000001.SH,SH,baostock:query_history_k_data_plus:sh.000001:adjustflag=3
2026-08-24,sh.000001,3902.6963,3910.2394,3855.3524,3882.0079,3905.2026,-0.593944,48693141200,952039262500.5,3,baostock,000001.SH,SH,baostock:query_history_k_data_plus:sh.000001:adjustflag=3
2026-08-25,sh.000001,3863.3695,3896.206,3850.8628,3889.4449,3882.0079,0.191576,46411726400,858874228921.8,3,baostock,000001.SH,SH,baostock:query_history_k_data_plus:sh.000001:adjustflag=3
2026-08-26,sh.000001,3881.7408,3926.435,3881.7408,3912.5235,3889.4449,0.593365,48955302100,857223487993.3,3,baostock,000001.SH,SH,baostock:query_history_k_data_plus:sh.000001:adjustflag=3
2026-08-27,sh.000001,3911.8908,3958.0328,3909.3122,3956.571,3912.5235,1.125808,51677754900,1010226573954.6,3,baostock,000001.SH,SH,baostock:query_history_k_data_plus:sh.000001:adjustflag=3
2026-08-28,sh.000001,3950.2368,3970.3095,3947.7981,3952.179,3956.571,-0.111005,51058164500,970365152112.9,3,baostock,000001.SH,SH,baostock:query_history_k_data_plus:sh.000001:adjustflag=3
2026-08-31,sh.000001,3926.5312,3986.298,3926.5039,3986.298,3952.179,0.863296,57665660600,1014292552053.7,3,baostock,000001.SH,SH,baostock:query_history_k_data_plus:sh.000001:adjustflag=3
2026-09-01,sh.000001,3979.8814,3995.1751,3976.4685,3979.8877,3986.298,-0.160808,57353894900,944307561356.8,3,baostock,000001.SH,SH,baostock:query_history_k_data_plus:sh.000001:adjustflag=3
2026-09-02,sh.000001,3963.0661,3965.8078,3932.2515,3941.3862,3979.8877,-0.967402,51647277500,835367755899.5,3,baostock,000001.SH,SH,baostock:query_history_k_data_plus:sh.000001:adjustflag=3
2026-09-03,sh.000001,3952.7948,3968.112,3930.4472,3942.0879,3941.3862,0.017803,49699018900,819882350383.0,3,baostock,000001.SH,SH,baostock:query_history_k_data_plus:sh.000001:adjustflag=3
2026-09-04,sh.000001,3955.5489,3980.2022,3915.2213,3930.1164,3942.0879,-0.303684,53728616100,938255187184.3,3,baostock,000001.SH,SH,baostock:query_history_k_data_plus:sh.000001:adjustflag=3
2026-09-07,sh.000001,3942.5093,3948.4206,3916.4915,3932.6992,3930.1164,0.065718,47737526100,897904014869.2,3,baostock,000001.SH,SH,baostock:query_history_k_data_plus:sh.000001:adjustflag=3
2026-09-08,sh.000001,3935.5479,3951.3221,3925.7198,3940.5509,3932.6992,0.199652,52999268800,915566238948.8,3,baostock,000001.SH,SH,baostock:query_history_k_data_plus:sh.000001:adjustflag=3
2026-09-09,sh.000001,3943.9221,3958.1171,3933.4692,3951.5068,3940.5509,0.27803,51750431100,873734897105.6,3,baostock,000001.SH,SH,baostock:query_history_k_data_plus:sh.000001:adjustflag=3
2026-09-10,sh.000001,3939.0948,3949.2549,3927.3472,3934.4036,3951.5068,-0.432827,48467511400,779672692269.7,3,baostock,000001.SH,SH,baostock:query_history_k_data_plus:sh.000001:adjustflag=3
2026-09-11,sh.000001,3910.9234,3912.3247,3852.0322,3888.1106,3934.4036,-1.176621,57912314500,958186336970.1,3,baostock,000001.SH,SH,baostock:query_history_k_data_plus:sh.000001:adjustflag=3
2026-09-14,sh.000001,3867.0216,3895.5095,3867.0216,3885.3328,3888.1106,-0.071443,45888891600,779281246497.2,3,baostock,000001.SH,SH,baostock:query_history_k_data_plus:sh.000001:adjustflag=3
2026-09-15,sh.000001,3879.7262,3891.6203,3858.1504,3864.2794,3885.3328,-0.541869,44090776600,763982900036.3,3,baostock,000001.SH,SH,baostock:query_history_k_data_plus:sh.000001:adjustflag=3
2026-09-16,sh.000001,3861.7457,3894.6635,3842.7211,3891.6005,3864.2794,0.707017,45912510800,871141346852.1,3,baostock,000001.SH,SH,baostock:query_history_k_data_plus:sh.000001:adjustflag=3
2026-09-17,sh.000001,3876.9983,3898.8356,3866.8921,3875.6044,3891.6005,-0.411042,45288646400,868773066850.2,3,baostock,000001.SH,SH,baostock:query_history_k_data_plus:sh.000001:adjustflag=3
2026-09-18,sh.000001,3891.9608,3919.6691,3888.4959,3911.8714,3875.6044,0.935777,48571250700,994169450166.2,3,baostock,000001.SH,SH,baostock:query_history_k_data_plus:sh.000001:adjustflag=3
2026-09-21,sh.000001,3920.2731,3950.9394,3918.1282,3949.9068,3911.8714,0.972307,50235487700,946819124308.7,3,baostock,000001.SH,SH,baostock:query_history_k_data_plus:sh.000001:adjustflag=3
2026-09-22,sh.000001,3963.8073,3967.6812,3945.4165,3952.128,3949.9068,0.056234,50614836900,1007995610882.3,3,baostock,000001.SH,SH,baostock:query_history_k_data_plus:sh.000001:adjustflag=3
2026-09-23,sh.000001,3951.3663,3951.5229,3934.4585,3936.5199,3952.128,-0.394929,46691393300,834132862985.2,3,baostock,000001.SH,SH,baostock:query_history_k_data_plus:sh.000001:adjustflag=3
2026-09-24,sh.000001,3925.323,3930.4955,3888.3738,3888.3738,3936.5199,-1.223063,43853041200,783613001376.2,3,baostock,000001.SH,SH,baostock:query_history_k_data_plus:sh.000001:adjustflag=3
2026-09-28,sh.000001,3878.4088,3878.4088,3806.6708,3823.6206,3888.3738,-1.665303,45235067500,804543704707.9,3,baostock,000001.SH,SH,baostock:query_history_k_data_plus:sh.000001:adjustflag=3
2026-09-29,sh.000001,3816.1536,3843.8375,3810.8116,3830.4513,3823.6206,0.178645,39947339100,661704292800.7,3,baostock,000001.SH,SH,baostock:query_history_k_data_plus:sh.000001:adjustflag=3
