calendar_date,is_trading_day
1990-12-19,1
1990-12-20,1
1990-12-21,1
1990-12-22,0
1990-12-23,0
1990-12-24,1
1990-12-25,1
1990-12-26,1
1990-12-27,1
1990-12-28,1
1990-12-29,0
1990-12-30,0
1990-12-31,1
1991-01-01,0
1991-01-02,1
1991-01-03,1
1991-01-04,1
1991-01-05,0
1991-01-06,0
1991-01-07,1
1991-01-08,1
1991-01-09,1
1991-01-10,1
1991-01-11,1
1991-01-12,0
1991-01-13,0
1991-01-14,1
1991-01-15,1
1991-01-16,1
1991-01-17,1
1991-01-18,1
1991-01-19,0
1991-01-20,0
1991-01-21,1
1991-01-22,1
1991-01-23,1
1991-01-24,1
1991-01-25,1
1991-01-26,0
1991-01-27,0
1991-01-28,1
1991-01-29,1
1991-01-30,1
1991-01-31,1
1991-02-01,1
1991-02-02,0
1991-02-03,0
1991-02-04,1
1991-02-05,1
1991-02-06,1
1991-02-07,1
1991-02-08,1
1991-02-09,0
1991-02-10,0
1991-02-11,1
1991-02-12,1
1991-02-13,1
1991-02-14,1
1991-02-15,0
1991-02-16,0
1991-02-17,0
1991-02-18,0
1991-02-19,1
1991-02-20,1
1991-02-21,1
1991-02-22,1
1991-02-23,0
1991-02-24,0
1991-02-25,1
1991-02-26,1
1991-02-27,1
1991-02-28,1
1991-03-01,1
1991-03-02,0
1991-03-03,0
1991-03-04,1
1991-03-05,1
1991-03-06,1
1991-03-07,1
1991-03-08,1
1991-03-09,0
1991-03-10,0
1991-03-11,1
1991-03-12,1
1991-03-13,1
1991-03-14,1
1991-03-15,1
1991-03-16,0
1991-03-17,0
1991-03-18,1
1991-03-19,1
1991-03-20,1
1991-03-21,1
1991-03-22,1
1991-03-23,0
1991-03-24,0
1991-03-25,1
1991-03-26,1
1991-03-27,1
1991-03-28,1
1991-03-29,1
1991-03-30,0
1991-03-31,0
1991-04-01,1
1991-04-02,1
1991-04-03,1
1991-04-04,1
1991-04-05,1
1991-04-06,0
1991-04-07,0
1991-04-08,1
1991-04-09,1
1991-04-10,1
1991-04-11,1
1991-04-12,1
1991-04-13,0
1991-04-14,0
1991-04-15,1
1991-04-16,1
1991-04-17,1
1991-04-18,1
1991-04-19,1
1991-04-20,0
1991-04-21,0
1991-04-22,1
1991-04-23,1
1991-04-24,1
1991-04-25,1
1991-04-26,1
1991-04-27,0
1991-04-28,0
1991-04-29,1
1991-04-30,1
1991-05-01,0
1991-05-02,1
1991-05-03,1
1991-05-04,0
1991-05-05,0
1991-05-06,1
1991-05-07,1
1991-05-08,1
1991-05-09,1
1991-05-10,1
1991-05-11,0
1991-05-12,0
1991-05-13,1
1991-05-14,1
1991-05-15,1
1991-05-16,1
1991-05-17,1
1991-05-18,0
1991-05-19,0
1991-05-20,1
1991-05-21,1
1991-05-22,1
1991-05-23,1
1991-05-24,1
1991-05-25,0
1991-05-26,0
1991-05-27,1
1991-05-28,1
1991-05-29,1
1991-05-30,1
1991-05-31,1
1991-06-01,0
1991-06-02,0
1991-06-03,1
1991-06-04,1
1991-06-05,1
1991-06-06,1
1991-06-07,1
1991-06-08,0
1991-06-09,0
1991-06-10,1
1991-06-11,1
1991-06-12,1
1991-06-13,1
1991-06-14,1
1991-06-15,0
1991-06-16,0
1991-06-17,1
1991-06-18,1
1991-06-19,1
1991-06-20,1
1991-06-21,1
1991-06-22,0
1991-06-23,0
1991-06-24,1
1991-06-25,1
1991-06-26,1
1991-06-27,1
1991-06-28,1
1991-06-29,0
1991-06-30,0
1991-07-01,1
1991-07-02,1
1991-07-03,1
1991-07-04,1
1991-07-05,1
1991-07-06,0
1991-07-07,0
1991-07-08,1
1991-07-09,1
1991-07-10,1
1991-07-11,1
1991-07-12,1
1991-07-13,0
1991-07-14,0
1991-07-15,1
1991-07-16,1
1991-07-17,1
1991-07-18,1
1991-07-19,1
1991-07-20,0
1991-07-21,0
1991-07-22,1
1991-07-23,1
1991-07-24,1
1991-07-25,1
1991-07-26,1
1991-07-27,0
1991-07-28,0
1991-07-29,1
1991-07-30,1
1991-07-31,1
1991-08-01,1
1991-08-02,1
1991-08-03,0
1991-08-04,0
1991-08-05,1
1991-08-06,1
1991-08-07,1
1991-08-08,1
1991-08-09,1
1991-08-10,0
1991-08-11,0
1991-08-12,1
1991-08-13,1
1991-08-14,1
1991-08-15,1
1991-08-16,1
1991-08-17,0
1991-08-18,0
1991-08-19,1
1991-08-20,1
1991-08-21,1
1991-08-22,1
1991-08-23,1
1991-08-24,0
1991-08-25,0
1991-08-26,1
1991-08-27,1
1991-08-28,1
1991-08-29,1
1991-08-30,1
1991-08-31,0
1991-09-01,0
1991-09-02,1
1991-09-03,1
1991-09-04,1
1991-09-05,1
1991-09-06,1
1991-09-07,0
1991-09-08,0
1991-09-09,1
1991-09-10,1
1991-09-11,1
1991-09-12,1
1991-09-13,1
1991-09-14,0
1991-09-15,0
1991-09-16,1
1991-09-17,1
1991-09-18,1
1991-09-19,1
1991-09-20,1
1991-09-21,0
1991-09-22,0
1991-09-23,1
1991-09-24,1
1991-09-25,1
1991-09-26,1
1991-09-27,1
1991-09-28,0
1991-09-29,0
1991-09-30,1
1991-10-01,0
1991-10-02,0
1991-10-03,1
1991-10-04,1
1991-10-05,0
1991-10-06,0
1991-10-07,1
1991-10-08,1
1991-10-09,1
1991-10-10,1
1991-10-11,1
1991-10-12,0
1991-10-13,0
1991-10-14,1
1991-10-15,1
1991-10-16,1
1991-10-17,1
1991-10-18,1
1991-10-19,0
1991-10-20,0
1991-10-21,1
1991-10-22,1
1991-10-23,1
1991-10-24,1
1991-10-25,1
1991-10-26,0
1991-10-27,0
1991-10-28,1
1991-10-29,1
1991-10-30,1
1991-10-31,1
1991-11-01,1
1991-11-02,0
1991-11-03,0
1991-11-04,1
1991-11-05,1
1991-11-06,1
1991-11-07,1
1991-11-08,1
1991-11-09,0
1991-11-10,0
1991-11-11,1
1991-11-12,1
1991-11-13,1
1991-11-14,1
1991-11-15,1
1991-11-16,0
1991-11-17,0
1991-11-18,1
1991-11-19,1
1991-11-20,1
1991-11-21,1
1991-11-22,1
1991-11-23,0
1991-11-24,0
1991-11-25,1
1991-11-26,1
1991-11-27,1
1991-11-28,1
1991-11-29,1
1991-11-30,0
1991-12-01,0
1991-12-02,1
1991-12-03,1
1991-12-04,1
1991-12-05,1
1991-12-06,1
1991-12-07,0
1991-12-08,0
1991-12-09,1
1991-12-10,1
1991-12-11,1
1991-12-12,1
1991-12-13,1
1991-12-14,0
1991-12-15,0
1991-12-16,1
1991-12-17,1
1991-12-18,1
1991-12-19,1
1991-12-20,1
1991-12-21,0
1991-12-22,0
1991-12-23,1
1991-12-24,1
1991-12-25,1
1991-12-26,1
1991-12-27,1
1991-12-28,0
1991-12-29,0
1991-12-30,1
1991-12-31,1
1992-01-01,0
1992-01-02,1
1992-01-03,1
1992-01-04,0
1992-01-05,0
1992-01-06,1
1992-01-07,1
1992-01-08,1
1992-01-09,1
1992-01-10,1
1992-01-11,0
1992-01-12,0
1992-01-13,1
1992-01-14,1
1992-01-15,1
1992-01-16,1
1992-01-17,1
1992-01-18,0
1992-01-19,0
1992-01-20,1
1992-01-21,1
1992-01-22,1
1992-01-23,1
1992-01-24,1
1992-01-25,0
1992-01-26,0
1992-01-27,1
1992-01-28,1
1992-01-29,1
1992-01-30,1
1992-01-31,1
1992-02-01,0
1992-02-02,0
1992-02-03,1
1992-02-04,0
1992-02-05,0
1992-02-06,0
1992-02-07,1
1992-02-08,0
1992-02-09,0
1992-02-10,1
1992-02-11,1
1992-02-12,1
1992-02-13,1
1992-02-14,1
1992-02-15,0
1992-02-16,0
1992-02-17,1
1992-02-18,1
1992-02-19,1
1992-02-20,1
1992-02-21,1
1992-02-22,0
1992-02-23,0
1992-02-24,1
1992-02-25,1
1992-02-26,1
1992-02-27,1
1992-02-28,1
1992-02-29,0
1992-03-01,0
1992-03-02,1
1992-03-03,1
1992-03-04,1
1992-03-05,1
1992-03-06,1
1992-03-07,0
1992-03-08,0
1992-03-09,1
1992-03-10,1
1992-03-11,1
1992-03-12,1
1992-03-13,1
1992-03-14,0
1992-03-15,0
1992-03-16,1
1992-03-17,1
1992-03-18,1
1992-03-19,1
1992-03-20,1
1992-03-21,0
1992-03-22,0
1992-03-23,1
1992-03-24,1
1992-03-25,1
1992-03-26,1
1992-03-27,1
1992-03-28,0
1992-03-29,0
1992-03-30,1
1992-03-31,1
1992-04-01,1
1992-04-02,1
1992-04-03,1
1992-04-04,0
1992-04-05,0
1992-04-06,1
1992-04-07,1
1992-04-08,1
1992-04-09,1
1992-04-10,1
1992-04-11,0
1992-04-12,0
1992-04-13,1
1992-04-14,1
1992-04-15,1
1992-04-16,1
1992-04-17,1
1992-04-18,0
1992-04-19,0
1992-04-20,1
1992-04-21,1
1992-04-22,1
1992-04-23,1
1992-04-24,1
1992-04-25,0
1992-04-26,0
1992-04-27,1
1992-04-28,1
1992-04-29,1
1992-04-30,1
1992-05-01,0
1992-05-02,0
1992-05-03,0
1992-05-04,1
1992-05-05,1
1992-05-06,1
1992-05-07,1
1992-05-08,1
1992-05-09,0
1992-05-10,0
1992-05-11,1
1992-05-12,1
1992-05-13,1
1992-05-14,1
1992-05-15,1
1992-05-16,0
1992-05-17,0
1992-05-18,1
1992-05-19,1
1992-05-20,1
1992-05-21,1
1992-05-22,1
1992-05-23,0
1992-05-24,0
1992-05-25,1
1992-05-26,1
1992-05-27,1
1992-05-28,1
1992-05-29,1
1992-05-30,0
1992-05-31,0
1992-06-01,1
1992-06-02,1
1992-06-03,1
1992-06-04,1
1992-06-05,1
1992-06-06,0
1992-06-07,0
1992-06-08,1
1992-06-09,1
1992-06-10,1
1992-06-11,1
1992-06-12,1
1992-06-13,0
1992-06-14,0
1992-06-15,1
1992-06-16,1
1992-06-17,1
1992-06-18,1
1992-06-19,1
1992-06-20,0
1992-06-21,0
1992-06-22,1
1992-06-23,1
1992-06-24,1
1992-06-25,1
1992-06-26,1
1992-06-27,0
1992-06-28,0
1992-06-29,1
1992-06-30,1
1992-07-01,1
1992-07-02,1
1992-07-03,1
1992-07-04,0
1992-07-05,0
1992-07-06,1
1992-07-07,1
1992-07-08,1
1992-07-09,1
1992-07-10,1
1992-07-11,0
1992-07-12,0
1992-07-13,1
1992-07-14,1
1992-07-15,1
1992-07-16,1
1992-07-17,1
1992-07-18,0
1992-07-19,0
1992-07-20,1
1992-07-21,1
1992-07-22,1
1992-07-23,1
1992-07-24,1
1992-07-25,0
1992-07-26,0
1992-07-27,1
1992-07-28,1
1992-07-29,1
1992-07-30,1
1992-07-31,1
1992-08-01,0
1992-08-02,0
1992-08-03,1
1992-08-04,1
1992-08-05,1
1992-08-06,1
1992-08-07,1
1992-08-08,0
1992-08-09,0
1992-08-10,1
1992-08-11,1
1992-08-12,1
1992-08-13,1
1992-08-14,1
1992-08-15,0
1992-08-16,0
1992-08-17,1
1992-08-18,1
1992-08-19,1
1992-08-20,1
1992-08-21,1
1992-08-22,0
1992-08-23,0
1992-08-24,1
1992-08-25,1
1992-08-26,1
1992-08-27,1
1992-08-28,1
1992-08-29,0
1992-08-30,0
1992-08-31,1
1992-09-01,1
1992-09-02,1
1992-09-03,1
1992-09-04,1
1992-09-05,0
1992-09-06,0
1992-09-07,1
1992-09-08,1
1992-09-09,1
1992-09-10,1
1992-09-11,1
1992-09-12,0
1992-09-13,0
1992-09-14,1
1992-09-15,1
1992-09-16,1
1992-09-17,1
1992-09-18,1
1992-09-19,0
1992-09-20,0
1992-09-21,1
1992-09-22,1
1992-09-23,1
1992-09-24,1
1992-09-25,1
1992-09-26,0
1992-09-27,0
1992-09-28,1
1992-09-29,1
1992-09-30,1
1992-10-01,0
1992-10-02,0
1992-10-03,0
1992-10-04,0
1992-10-05,1
1992-10-06,1
1992-10-07,1
1992-10-08,1
1992-10-09,1
1992-10-10,0
1992-10-11,0
1992-10-12,1
1992-10-13,1
1992-10-14,1
1992-10-15,1
1992-10-16,1
1992-10-17,0
1992-10-18,0
1992-10-19,1
1992-10-20,1
1992-10-21,1
1992-10-22,1
1992-10-23,1
1992-10-24,0
1992-10-25,0
1992-10-26,1
1992-10-27,1
1992-10-28,1
1992-10-29,1
1992-10-30,1
1992-10-31,0
1992-11-01,0
1992-11-02,1
1992-11-03,1
1992-11-04,1
1992-11-05,1
1992-11-06,1
1992-11-07,0
1992-11-08,0
1992-11-09,1
1992-11-10,1
1992-11-11,1
1992-11-12,1
1992-11-13,1
1992-11-14,0
1992-11-15,0
1992-11-16,1
1992-11-17,1
1992-11-18,1
1992-11-19,1
1992-11-20,1
1992-11-21,0
1992-11-22,0
1992-11-23,1
1992-11-24,1
1992-11-25,1
1992-11-26,1
1992-11-27,1
1992-11-28,0
1992-11-29,0
1992-11-30,1
1992-12-01,1
1992-12-02,1
1992-12-03,1
1992-12-04,1
1992-12-05,0
1992-12-06,0
1992-12-07,1
1992-12-08,1
1992-12-09,1
1992-12-10,1
1992-12-11,1
1992-12-12,0
1992-12-13,0
1992-12-14,1
1992-12-15,1
1992-12-16,1
1992-12-17,1
1992-12-18,1
1992-12-19,0
1992-12-20,0
1992-12-21,1
1992-12-22,1
1992-12-23,1
1992-12-24,1
1992-12-25,1
1992-12-26,0
1992-12-27,0
1992-12-28,1
1992-12-29,1
1992-12-30,1
1992-12-31,1
1993-01-01,0
1993-01-02,0
1993-01-03,0
1993-01-04,1
1993-01-05,1
1993-01-06,1
1993-01-07,1
1993-01-08,1
1993-01-09,0
1993-01-10,0
1993-01-11,1
1993-01-12,1
1993-01-13,1
1993-01-14,1
1993-01-15,1
1993-01-16,0
1993-01-17,0
1993-01-18,1
1993-01-19,1
1993-01-20,1
1993-01-21,1
1993-01-22,1
1993-01-23,0
1993-01-24,0
1993-01-25,0
1993-01-26,0
1993-01-27,1
1993-01-28,1
1993-01-29,1
1993-01-30,0
1993-01-31,0
1993-02-01,1
1993-02-02,1
1993-02-03,1
1993-02-04,1
1993-02-05,1
1993-02-06,0
1993-02-07,0
1993-02-08,1
1993-02-09,1
1993-02-10,1
1993-02-11,1
1993-02-12,1
1993-02-13,0
1993-02-14,0
1993-02-15,1
1993-02-16,1
1993-02-17,1
1993-02-18,1
1993-02-19,1
1993-02-20,0
1993-02-21,0
1993-02-22,1
1993-02-23,1
1993-02-24,1
1993-02-25,1
1993-02-26,1
1993-02-27,0
1993-02-28,0
1993-03-01,1
1993-03-02,1
1993-03-03,1
1993-03-04,1
1993-03-05,1
1993-03-06,0
1993-03-07,0
1993-03-08,1
1993-03-09,1
1993-03-10,1
1993-03-11,1
1993-03-12,1
1993-03-13,0
1993-03-14,0
1993-03-15,1
1993-03-16,1
1993-03-17,1
1993-03-18,1
1993-03-19,1
1993-03-20,0
1993-03-21,0
1993-03-22,1
1993-03-23,1
1993-03-24,1
1993-03-25,1
1993-03-26,1
1993-03-27,0
1993-03-28,0
1993-03-29,1
1993-03-30,1
1993-03-31,1
1993-04-01,1
1993-04-02,1
1993-04-03,0
1993-04-04,0
1993-04-05,1
1993-04-06,1
1993-04-07,1
1993-04-08,1
1993-04-09,1
1993-04-10,0
1993-04-11,0
1993-04-12,1
1993-04-13,1
1993-04-14,1
1993-04-15,1
1993-04-16,1
1993-04-17,0
1993-04-18,0
1993-04-19,1
1993-04-20,1
1993-04-21,1
1993-04-22,1
1993-04-23,1
1993-04-24,0
1993-04-25,0
1993-04-26,1
1993-04-27,1
1993-04-28,1
1993-04-29,1
1993-04-30,1
1993-05-01,0
1993-05-02,0
1993-05-03,1
1993-05-04,1
1993-05-05,1
1993-05-06,1
1993-05-07,1
1993-05-08,0
1993-05-09,0
1993-05-10,1
1993-05-11,1
1993-05-12,1
1993-05-13,1
1993-05-14,1
1993-05-15,0
1993-05-16,0
1993-05-17,1
1993-05-18,1
1993-05-19,1
1993-05-20,1
1993-05-21,1
1993-05-22,0
1993-05-23,0
1993-05-24,1
1993-05-25,1
1993-05-26,1
1993-05-27,1
1993-05-28,1
1993-05-29,0
1993-05-30,0
1993-05-31,1
1993-06-01,1
1993-06-02,1
1993-06-03,1
1993-06-04,1
1993-06-05,0
1993-06-06,0
1993-06-07,1
1993-06-08,1
1993-06-09,1
1993-06-10,1
1993-06-11,1
1993-06-12,0
1993-06-13,0
1993-06-14,1
1993-06-15,1
1993-06-16,1
1993-06-17,1
1993-06-18,1
1993-06-19,0
1993-06-20,0
1993-06-21,1
1993-06-22,1
1993-06-23,1
1993-06-24,1
1993-06-25,1
1993-06-26,0
1993-06-27,0
1993-06-28,1
1993-06-29,1
1993-06-30,1
1993-07-01,1
1993-07-02,1
1993-07-03,0
1993-07-04,0
1993-07-05,1
1993-07-06,1
1993-07-07,1
1993-07-08,1
1993-07-09,1
1993-07-10,0
1993-07-11,0
1993-07-12,1
1993-07-13,1
1993-07-14,1
1993-07-15,1
1993-07-16,1
1993-07-17,0
1993-07-18,0
1993-07-19,1
1993-07-20,1
1993-07-21,1
1993-07-22,1
1993-07-23,1
1993-07-24,0
1993-07-25,0
1993-07-26,1
1993-07-27,1
1993-07-28,1
1993-07-29,1
1993-07-30,1
1993-07-31,0
1993-08-01,0
1993-08-02,1
1993-08-03,1
1993-08-04,1
1993-08-05,1
1993-08-06,1
1993-08-07,0
1993-08-08,0
1993-08-09,1
1993-08-10,1
1993-08-11,1
1993-08-12,1
1993-08-13,1
1993-08-14,0
1993-08-15,0
1993-08-16,1
1993-08-17,1
1993-08-18,1
1993-08-19,1
1993-08-20,1
1993-08-21,0
1993-08-22,0
1993-08-23,1
1993-08-24,1
1993-08-25,1
1993-08-26,1
1993-08-27,1
1993-08-28,0
1993-08-29,0
1993-08-30,1
1993-08-31,1
1993-09-01,1
1993-09-02,1
1993-09-03,1
1993-09-04,0
1993-09-05,0
1993-09-06,1
1993-09-07,1
1993-09-08,1
1993-09-09,1
1993-09-10,1
1993-09-11,0
1993-09-12,0
1993-09-13,1
1993-09-14,1
1993-09-15,1
1993-09-16,1
1993-09-17,1
1993-09-18,0
1993-09-19,0
1993-09-20,1
1993-09-21,1
1993-09-22,1
1993-09-23,1
1993-09-24,1
1993-09-25,0
1993-09-26,0
1993-09-27,1
1993-09-28,1
1993-09-29,1
1993-09-30,1
1993-10-01,0
1993-10-02,0
1993-10-03,0
1993-10-04,1
1993-10-05,1
1993-10-06,1
1993-10-07,1
1993-10-08,1
1993-10-09,0
1993-10-10,0
1993-10-11,1
1993-10-12,1
1993-10-13,1
1993-10-14,1
1993-10-15,1
1993-10-16,0
1993-10-17,0
1993-10-18,1
1993-10-19,1
1993-10-20,1
1993-10-21,1
1993-10-22,1
1993-10-23,0
1993-10-24,0
1993-10-25,1
1993-10-26,1
1993-10-27,1
1993-10-28,1
1993-10-29,1
1993-10-30,0
1993-10-31,0
1993-11-01,1
1993-11-02,1
1993-11-03,1
1993-11-04,1
1993-11-05,1
1993-11-06,0
1993-11-07,0
1993-11-08,1
1993-11-09,1
1993-11-10,1
1993-11-11,1
1993-11-12,1
1993-11-13,0
1993-11-14,0
1993-11-15,1
1993-11-16,1
1993-11-17,1
1993-11-18,1
1993-11-19,1
1993-11-20,0
1993-11-21,0
1993-11-22,1
1993-11-23,1
1993-11-24,1
1993-11-25,1
1993-11-26,1
1993-11-27,0
1993-11-28,0
1993-11-29,1
1993-11-30,1
1993-12-01,1
1993-12-02,1
1993-12-03,1
1993-12-04,0
1993-12-05,0
1993-12-06,1
1993-12-07,1
1993-12-08,1
1993-12-09,1
1993-12-10,1
1993-12-11,0
1993-12-12,0
1993-12-13,1
1993-12-14,1
1993-12-15,1
1993-12-16,1
1993-12-17,1
1993-12-18,0
1993-12-19,0
1993-12-20,1
1993-12-21,1
1993-12-22,1
1993-12-23,1
1993-12-24,1
1993-12-25,0
1993-12-26,0
1993-12-27,1
1993-12-28,1
1993-12-29,1
1993-12-30,1
1993-12-31,1
1994-01-01,0
1994-01-02,0
1994-01-03,1
1994-01-04,1
1994-01-05,1
1994-01-06,1
1994-01-07,1
1994-01-08,0
1994-01-09,0
1994-01-10,1
1994-01-11,1
1994-01-12,1
1994-01-13,1
1994-01-14,1
1994-01-15,0
1994-01-16,0
1994-01-17,1
1994-01-18,1
1994-01-19,1
1994-01-20,1
1994-01-21,1
1994-01-22,0
1994-01-23,0
1994-01-24,1
1994-01-25,1
1994-01-26,1
1994-01-27,1
1994-01-28,1
1994-01-29,0
1994-01-30,0
1994-01-31,1
1994-02-01,1
1994-02-02,1
1994-02-03,1
1994-02-04,1
1994-02-05,0
1994-02-06,0
1994-02-07,0
1994-02-08,0
1994-02-09,0
1994-02-10,0
1994-02-11,0
1994-02-12,0
1994-02-13,0
1994-02-14,1
1994-02-15,1
1994-02-16,1
1994-02-17,1
1994-02-18,1
1994-02-19,0
1994-02-20,0
1994-02-21,1
1994-02-22,1
1994-02-23,1
1994-02-24,1
1994-02-25,1
1994-02-26,0
1994-02-27,0
1994-02-28,1
1994-03-01,1
1994-03-02,1
1994-03-03,1
1994-03-04,1
1994-03-05,0
1994-03-06,0
1994-03-07,1
1994-03-08,1
1994-03-09,1
1994-03-10,1
1994-03-11,1
1994-03-12,0
1994-03-13,0
1994-03-14,1
1994-03-15,1
1994-03-16,1
1994-03-17,1
1994-03-18,1
1994-03-19,0
1994-03-20,0
1994-03-21,1
1994-03-22,1
1994-03-23,1
1994-03-24,1
1994-03-25,1
1994-03-26,0
1994-03-27,0
1994-03-28,1
1994-03-29,1
1994-03-30,1
1994-03-31,1
1994-04-01,1
1994-04-02,0
1994-04-03,0
1994-04-04,1
1994-04-05,1
1994-04-06,1
1994-04-07,1
1994-04-08,1
1994-04-09,0
1994-04-10,0
1994-04-11,1
1994-04-12,1
1994-04-13,1
1994-04-14,1
1994-04-15,1
1994-04-16,0
1994-04-17,0
1994-04-18,1
1994-04-19,1
1994-04-20,1
1994-04-21,1
1994-04-22,1
1994-04-23,0
1994-04-24,0
1994-04-25,1
1994-04-26,1
1994-04-27,1
1994-04-28,1
1994-04-29,1
1994-04-30,0
1994-05-01,0
1994-05-02,0
1994-05-03,1
1994-05-04,1
1994-05-05,1
1994-05-06,1
1994-05-07,0
1994-05-08,0
1994-05-09,1
1994-05-10,1
1994-05-11,1
1994-05-12,1
1994-05-13,1
1994-05-14,0
1994-05-15,0
1994-05-16,1
1994-05-17,1
1994-05-18,1
1994-05-19,1
1994-05-20,1
1994-05-21,0
1994-05-22,0
1994-05-23,1
1994-05-24,1
1994-05-25,1
1994-05-26,1
1994-05-27,1
1994-05-28,0
1994-05-29,0
1994-05-30,1
1994-05-31,1
1994-06-01,1
1994-06-02,1
1994-06-03,1
1994-06-04,0
1994-06-05,0
1994-06-06,1
1994-06-07,1
1994-06-08,1
1994-06-09,1
1994-06-10,1
1994-06-11,0
1994-06-12,0
1994-06-13,1
1994-06-14,1
1994-06-15,1
1994-06-16,1
1994-06-17,1
1994-06-18,0
1994-06-19,0
1994-06-20,1
1994-06-21,1
1994-06-22,1
1994-06-23,1
1994-06-24,1
1994-06-25,0
1994-06-26,0
1994-06-27,1
1994-06-28,1
1994-06-29,1
1994-06-30,1
1994-07-01,1
1994-07-02,0
1994-07-03,0
1994-07-04,1
1994-07-05,1
1994-07-06,1
1994-07-07,1
1994-07-08,1
1994-07-09,0
1994-07-10,0
1994-07-11,1
1994-07-12,1
1994-07-13,1
1994-07-14,1
1994-07-15,1
1994-07-16,0
1994-07-17,0
1994-07-18,1
1994-07-19,1
1994-07-20,1
1994-07-21,1
1994-07-22,1
1994-07-23,0
1994-07-24,0
1994-07-25,1
1994-07-26,1
1994-07-27,1
1994-07-28,1
1994-07-29,1
1994-07-30,0
1994-07-31,0
1994-08-01,1
1994-08-02,1
1994-08-03,1
1994-08-04,1
1994-08-05,1
1994-08-06,0
1994-08-07,0
1994-08-08,1
1994-08-09,1
1994-08-10,1
1994-08-11,1
1994-08-12,1
1994-08-13,0
1994-08-14,0
1994-08-15,1
1994-08-16,1
1994-08-17,1
1994-08-18,1
1994-08-19,1
1994-08-20,0
1994-08-21,0
1994-08-22,1
1994-08-23,1
1994-08-24,1
1994-08-25,1
1994-08-26,1
1994-08-27,0
1994-08-28,0
1994-08-29,1
1994-08-30,1
1994-08-31,1
1994-09-01,1
1994-09-02,1
1994-09-03,0
1994-09-04,0
1994-09-05,1
1994-09-06,1
1994-09-07,1
1994-09-08,1
1994-09-09,1
1994-09-10,0
1994-09-11,0
1994-09-12,1
1994-09-13,1
1994-09-14,1
1994-09-15,1
1994-09-16,1
1994-09-17,0
1994-09-18,0
1994-09-19,1
1994-09-20,1
1994-09-21,1
1994-09-22,1
1994-09-23,1
1994-09-24,0
1994-09-25,0
1994-09-26,1
1994-09-27,1
1994-09-28,1
1994-09-29,1
1994-09-30,1
1994-10-01,0
1994-10-02,0
1994-10-03,0
1994-10-04,0
1994-10-05,1
1994-10-06,1
1994-10-07,1
1994-10-08,0
1994-10-09,0
1994-10-10,1
1994-10-11,1
1994-10-12,1
1994-10-13,1
1994-10-14,1
1994-10-15,0
1994-10-16,0
1994-10-17,1
1994-10-18,1
1994-10-19,1
1994-10-20,1
1994-10-21,1
1994-10-22,0
1994-10-23,0
1994-10-24,1
1994-10-25,1
1994-10-26,1
1994-10-27,1
1994-10-28,1
1994-10-29,0
1994-10-30,0
1994-10-31,1
1994-11-01,1
1994-11-02,1
1994-11-03,1
1994-11-04,1
1994-11-05,0
1994-11-06,0
1994-11-07,1
1994-11-08,1
1994-11-09,1
1994-11-10,1
1994-11-11,1
1994-11-12,0
1994-11-13,0
1994-11-14,1
1994-11-15,1
1994-11-16,1
1994-11-17,1
1994-11-18,1
1994-11-19,0
1994-11-20,0
1994-11-21,1
1994-11-22,1
1994-11-23,1
1994-11-24,1
1994-11-25,1
1994-11-26,0
1994-11-27,0
1994-11-28,1
1994-11-29,1
1994-11-30,1
1994-12-01,1
1994-12-02,1
1994-12-03,0
1994-12-04,0
1994-12-05,1
1994-12-06,1
1994-12-07,1
1994-12-08,1
1994-12-09,1
1994-12-10,0
1994-12-11,0
1994-12-12,1
1994-12-13,1
1994-12-14,1
1994-12-15,1
1994-12-16,1
1994-12-17,0
1994-12-18,0
1994-12-19,1
1994-12-20,1
1994-12-21,1
1994-12-22,1
1994-12-23,1
1994-12-24,0
1994-12-25,0
1994-12-26,1
1994-12-27,1
1994-12-28,1
1994-12-29,1
1994-12-30,1
1994-12-31,0
